Name,Speciality,Years_of_Experience,Area,Consultation_fee,Patient_stories
M,Ayurveda,24,"overallAmeerpet, Hyderabad",500,65
C Narmada,Ayurveda,23,"overallShaikpet, Hyderabad",500,18
Priti Thakre,Ayurveda,21,"overallKPHB, Hyderabad",500,11
Alivelu Manga,Ayurveda,25,"Nagar, Hyderabad",299,9
G,Ayurveda,18,"overallKukatpally, Hyderabad",500,53
Anupama Uppuluri,Ayurveda,24,"overallBachupally, Hyderabad",500,31
Achattil Asha,Ayurveda,13,"Nagar, Hyderabad",49,10
Muneeb Ahmed,Ayurveda,14,"overallManikonda, Hyderabad",500,89
S Mahesh Kumar,Ayurveda,14,"overallKPHB, Hyderabad",600,68
Rashmi BV,Ayurveda,20,"overallErragadda, Hyderabad",500,22
Sai Deepthi T,Ayurveda,8,"Colony, Hyderabad",450,N/A
Mallikarjun Eleri,Ayurveda,11,"overallLingampally, Hyderabad",300,117
Sushma Shivkumar M,Ayurveda,13,"overallYousufguda, Hyderabad",700,3
Deepak Gaur,Ayurveda,13,"Nagar, Hyderabad",99,9
Sunita Grace,Ayurveda,20,"Hills, Hyderabad",500,N/A
Prof,Ayurveda,47,Erragadda,500,NA
Gummadavelli,Ayurveda,27,KPHB,500,NA
L,Ayurveda,52,Secunderabad,500,NA
Pradeep,Ayurveda,24,Mehdipatnam,200,NA
Swati,Ayurveda,22,Hafeezpet,200,NA
Samba,Ayurveda,26,Kothapet,200,NA
Muneeb,Ayurveda,14,Manikonda,500,NA
C,Ayurveda,24,Kukatpally,300,NA
T,Ayurveda,16,NA,400,NA
Peddi,Ayurveda,36,Sanjeeva Reddy Nagar,NA,NA
G,Ayurveda,29,Malakpet,500,NA
T,Ayurveda,22,Neredmet,150,NA
Priti,Ayurveda,21,"Chaudhari Clinic , KPHB",300,NA
Ramya,Ayurveda,14,Miyapur,NA,NA
Santhisree,Ayurveda,12,NA,NA,NA
NA,Ayurveda,20,Somajiguda,600,NA
G,Ayurveda,40,Santosh Nagar,400,NA
G,Ayurveda,27,Punjagutta,500,NA
Sravanthi,Ayurveda,17,NA,150,NA
Keerthy,Ayurveda,3,NA,250,NA
Ranganadh,Ayurveda,27,KPHB,300,NA
Vtv,Ayurveda,23,Kachiguda,0,NA
NA,Ayurveda,25,NA,200,NA
Vijay,Ayurveda,23,NA,500,NA
Sachin,Ayurveda,8,Punjagutta,100,NA
Sreedhar,Ayurveda,22,Kachiguda,100,NA
Y,Ayurveda,45,Vanasthalipuram,500,NA
Sushma,Ayurveda,13,Yousufguda,700,NA
Balaji,Ayurveda,14,NA,300,NA
Ashok,Ayurveda,8,NA,200,NA
Kishore,Ayurveda,13,Meerpet,300,NA
Vivek,Ayurveda,22,Gachibowli,100,NA
NA,Ayurveda,4,Puppalaguda,500,NA
Rajendra,Ayurveda,36,Moosapet,300,NA
Bindu,Ayurveda,22,NA,NA,NA
R,Ayurveda,36,Vanasthalipuram,100,NA
Suresh,Ayurveda,NA,NA,200,NA
N,Ayurveda,9,NA,500,NA
M,Ayurveda,NA,Koti,500,NA
Venkatesh,Ayurveda,18,Kukatpally,NA,NA
PrasunaAyurvedic,Ayurveda,NA,Miyapur,300,NA
Patan,Ayurveda,NA,NA,200,NA
R,Ayurveda,16,KPHB,500,NA
SrideviAyurvedic,Ayurveda,NA,Khairatabad,300,NA
Krishna,Ayurveda,17,Rajendra Nagar,200,NA
Ramana,Ayurveda,16,Secunderabad,300,NA
Mahesh,Ayurveda,42,NA,NA,NA
C,Ayurveda,34,Shaikpet,500,NA
Amatul,Ayurveda,7,Kanchanbagh,150,NA
Usha,Ayurveda,15,Banjara Hills,0,NA
Ratnesh,Ayurveda,12,NA,100,NA
Mahendra,Ayurveda,26,Secunderabad,100,NA
Morusupalli,Ayurveda,NA,Nallakunta,300,NA
T,Ayurveda,26,Habsiguda,200,NA
S,Ayurveda,43,NA,500,NA
Sreelakshmi,Ayurveda,NA,Kokapet,700,NA
Purushottam,Ayurveda,36,NA,300,NA
Subrahmanyam,Ayurveda,9,Dilsukhnagar,200,NA
Rashmi,Ayurveda,18,Erragadda,500,NA
K,Ayurveda,36,Karwan,100,NA
S,Ayurveda,9,NA,150,NA
Nizam,Ayurveda,18,NA,100,NA
Stephen,Ayurveda,30,Rampally,500,NA
Vtv,Ayurveda,23,NA,1,NA
Kale,Ayurveda,5,Pragathi Nagar,300,NA
NA,Ayurveda,NA,Miyapur,500,NA
Kvrss,Ayurveda,20,Somajiguda,600,NA
M,Ayurveda,NA,Khairatabad,200,NA
B,Ayurveda,38,Yousufguda,100,NA
Shakeel,Ayurveda,27,NA,100,NA
SmitaAyurvedic,Ayurveda,20,Madinaguda,750,NA
G,Ayurveda,18,KPHB,500,NA
Mallikarjun,Ayurveda,11,Lingampally,300,NA
Madhuri,Ayurveda,NA,Basheerbagh,NA,NA
Anil,Ayurveda,25,Attapur,1,NA
Namburu,Ayurveda,27,Hyderguda,300,NA
NA,Ayurveda,NA,Manikonda,300,NA
DevashishAyurvedic,Ayurveda,8,NA,200,NA
P,Ayurveda,48,NA,50,NA
Sudhakar,Ayurveda,NA,NA,300,NA
Rama,Ayurveda,22,Karmanghat,300,NA
Vijay,Ayurveda,7,NA,300,NA
Prof,Ayurveda,47,NA,NA,NA
K,Ayurveda,18,Isnapur,250,NA
Sujatha,Ayurveda,NA,NA,NA,NA
G,Ayurveda,NA,Karkhana,NA,NA
Bhargava,Ayurveda,13,KPHB,NA,NA
Lokdeep,Ayurveda,20,NA,400,NA
Uma,Ayurveda,32,Moti Nagar,300,NA
P,Ayurveda,24,Yousufguda,100,NA
Lalith Agarwal,Cardiology,14,"overallManikonda, Hyderabad",600,98
Surapaneni Sasank,Cardiology,10,"overallAmeerpet, Hyderabad",600,N/A
Narasa Raju Kavalipati,Cardiology,30,"overallHyderguda, Hyderabad",N/A,3
Tripti Deb,Cardiology,46,"Hills, Hyderabad",1000,18
Venkata Rayudu Nekkanti,Cardiology,47,"Hills, Hyderabad",700,12
P Sridhar,Cardiology,22,"City, Hyderabad",700,18
Gokul Reddy,Cardiology,27,"Hills, Hyderabad",1000,33
Anil Krishna Gundala,Cardiology,21,"City, Hyderabad",500,10
E A Padma Kumar,Cardiology,37,"City, Hyderabad",700,11
Krishna Prasad A R,Cardiology,29,"City, Hyderabad",500,5
Manoj Kumar Agarwala,Cardiology,33,"Hills, Hyderabad",1200,5
Badri Narayana,Cardiology,40,"Hills, Hyderabad",1000,5
Meeraji Rao D,Cardiology,32,"overallGachibowli, Hyderabad",900,13
Nithin Annarapu,Cardiology,17,"City, Hyderabad",500,13
B V A Ranga Reddy,Cardiology,12,"Hills, Hyderabad",1000,5
Sanjeev Kumar E,Cardiology,26,"Hills, Hyderabad",800,16
Sunil Kapoor,Cardiology,41,"Hills, Hyderabad",1000,N/A
Kondal Rao,Cardiology,27,"overallHyderguda, Hyderabad",500,2
Abhisekh Mohanty,Cardiology,17,"overallGachibowli, Hyderabad",900,8
Aslam Khan,Cardiology,13,"Hills, Hyderabad",1000,N/A
Ravi Kumar Aluri,Cardiology,25,"Hills, Hyderabad",750,833
Sanjay Kumar Agarwal,Cardiology,35,"Hills, Hyderabad",1000,N/A
Bharath Reddy D,Cardiology,13,"City, Hyderabad",500,N/A
Sanjeev Kumar Khulbey,Cardiology,27,"Hills, Hyderabad",1000,2
N Siva Prasad Naidu,Cardiology,17,"City, Hyderabad",700,5
T Sadanand Reddy,Cardiology,26,"City, Hyderabad",500,3
Kumar Narayanan,Cardiology,23,"City, Hyderabad",500,8
Sreenivas Kumar A,Cardiology,24,"Hills, Hyderabad",1000,13
Ganesh Mathan,Cardiology,26,"overallLingampally, Hyderabad",700,399
Ramya P,Cardiology,11,"Hills, Hyderabad",1500,N/A
Ramakrishna Janapati,Cardiology,9,"overallKPHB, Hyderabad",600,N/A
V Vinoth Kumar,Cardiology,20,"overallNallagandla, Hyderabad",800,87
Sameer Vankar,Cardiology,16,"overallSecunderabad, Hyderabad",750,N/A
Prasada Reddy R,Cardiology,42,"overallGachibowli, Hyderabad",500,6
Anuj Amrit Kapadiya,Cardiology,25,"overallGachibowli, Hyderabad",500,7
Vinod Vadthya,Cardiology,11,"Hills, Hyderabad",700,N/A
Sravan Kumar Peravali,Cardiology,14,"overallAmeerpet, Hyderabad",700,N/A
Panduranga,Cardiology,14,"city, Hyderabad",600,149
R V Venkata Rao,Cardiology,17,"overallKondapur, Hyderabad",500,19
Shilpi Mohan,Cardiology,20,"Nagar, Hyderabad",600,3
B Jaynathi,Cardiology,26,"overallNizampet, Hyderabad",600,2
Rondla Sreekanth Reddy,Cardiology,26,"overallKanchanbagh, Hyderabad",800,4
Rajeev Garg,Cardiology,34,"Nagar, Hyderabad",680,3
Srinivas Reddy,Cardiology,32,"Nagar, Hyderabad",680,N/A
Siddharth Rout,Cardiology,18,"overallKanchanbagh, Hyderabad",800,N/A
Govind Jadhav,Cardiology,21,"overallGachibowli, Hyderabad",500,N/A
Mallindra Swamy,Cardiology,22,"Nagar, Hyderabad",680,N/A
Karthik Tummala,Cardiology,10,"overallAmeerpet, Hyderabad",750,13
Sachin Yalagudri,Cardiology,22,"overallGachibowli, Hyderabad",500,N/A
Nilkanth Patil,Cardiology,20,"overallGachibowli, Hyderabad",500,N/A
Ajit Kumar Patnaik,Cardiology,15,"overallKondapur, Hyderabad",900,N/A
Anne Uday Kiran,Cardiology,16,"overallGachibowli, Hyderabad",500,N/A
Vamsi Krishna Mamidela,Cardiology,12,"overallNacharam, Hyderabad",800,N/A
Seshivardhan Janjirala,Cardiology,11,"Hills, Hyderabad",600,N/A
Imran Ul Haq,Cardiology,16,"overallKukatpally, Hyderabad",800,N/A
Saket Khetan,Cardiology,10,"Road, Hyderabad",700,N/A
Shailee Swarup,Dentist,16,"Hills, Hyderabad",1000,90
Preeti,Dentist,15,"overallKondapur, Hyderabad",300,N/A
Suhail,Dentist,15,"Hills, Hyderabad",300,8
Yugandhar,Dentist,21,"overallNallagandla, Hyderabad",300,832
Anil Kumar,Dentist,20,"overallKondapur, Hyderabad",300,133
Chaitanya Kumar Reddy,Dentist,26,"overallKhajaguda, Hyderabad",500,258
Harini,Dentist,22,"Marredpally, Hyderabad",400,43
M Sridhar,Dentist,23,"overallKondapur, Hyderabad",300,274
Chandrashekhar Reddy,Dentist,24,"Nagar, Hyderabad",400,10
K Sravani Reddy,Dentist,12,"overallKarkhana, Hyderabad",300,73
Surendra Kumar Alluri,Dentist,28,"overallKokapet, Hyderabad",500,380
Harika,Dentist,9,"Nagar, Hyderabad",200,109
Anil Kumar Reddy K,Dentist,24,"overallAlwal, Hyderabad",400,139
Syed Saood Hasan Razvi,Dentist,19,"overallTolichowki, Hyderabad",300,72
Bharat Reddy,Dentist,25,"overallBorabanda, Hyderabad",250,479
Praveena,Dentist,23,"overallKondapur, Hyderabad",300,164
Vikas Gowd,Dentist,25,"Hills, Hyderabad",500,52
Siva Srinivas,Dentist,19,"overallMalkajgiri, Hyderabad",300,40
Anitha Ethamukkala,Dentist,26,"Hills, Hyderabad",500,31
Gopi Krishna,Dentist,23,"overallBalanagar, Hyderabad",300,145
Srikanth Guduguntla,Dentist,26,"overallBegumpet, Hyderabad",300,93
Sahaja Reddy,Dentist,13,"overallMansoorabad, Hyderabad",300,110
Ravi Gurram,Dentist,16,"overallNallagandla, Hyderabad",450,98
Harsha Nagineni,Dentist,11,"overallChintal, Hyderabad",200,1071
Srinivas R Bogavalli,Dentist,18,"overallManikonda, Hyderabad",300,48
Phani Kumar,Dentist,30,"overallSecunderabad, Hyderabad",200,182
Swetha Moravineni,Dentist,7,"overallKondapur, Hyderabad",250,257
Sana Fatima,Dentist,7,"overallTolichowki, Hyderabad",300,2
Mohan Rayapudi,Dentist,13,"overallKukatpally, Hyderabad",300,54
Nikhil Saran,Dentist,16,"overallMadhapur, Hyderabad",500,1012
Anargha Krishnadas,Dentist,12,"Nagar, Hyderabad",400,17
Venkatesh,Dentist,18,"Colony, Hyderabad",500,102
Anwesh Ganapurapu,Dentist,14,"overallKondapur, Hyderabad",300,31
Subbaiah Naidu,Dentist,13,"overallAmeerpet, Hyderabad",300,34
Naresh Kumar V,Dentist,18,"overallNallakunta, Hyderabad",300,161
Ershad,Dentist,15,"overallMadinaguda, Hyderabad",300,36
M Shylaja,Dentist,11,"Nagar, Hyderabad",500,114
Santhosh Reddy Duliganti,Dentist,19,"overallManikonda, Hyderabad",500,24
Pradeep Raj K,Dentist,13,"overallKukatpally, Hyderabad",400,101
Abdul Aleem,Dentist,8,"overallTolichowki, Hyderabad",300,17
Akula Lakshmi Prasanna,Dentist,6,"overallKukatpally, Hyderabad",300,138
Arvind Nahata,Dentist,11,"Nagar, Hyderabad",375,174
Rajkumar,Dentist,15,"Marredpally, Hyderabad",500,115
Abdul Gaffar Mahkri,Dentist,11,"overallMehdipatnam, Hyderabad",300,63
Lavanya B,Dentist,17,"overallMadhapur, Hyderabad",400,97
Pavani K Reddy,Dentist,11,"overallGachibowli, Hyderabad",500,63
Mohan Krishna Badisa,Dentist,11,"overallKPHB, Hyderabad",300,42
Keerti D Pratap,Dentist,24,"Nagar, Hyderabad",300,34
Hormuzd K Vakil,Dentist,24,"Road, Hyderabad",500,69
Tanuja,Dentist,24,"overallKarkhana, Hyderabad",1000,8
Kanika Gupta,Dentist,11,"overallTolichowki, Hyderabad",300,83
A Hari Priya,Dentist,16,"overallVanasthalipuram, Hyderabad",500,3
K Prabhuvani,Dentist,20,"overallTarnaka, Hyderabad",300,26
Sneha Reddy,Dentist,12,"Hills, Hyderabad",250,36
D V Suneetha Devi,Dentist,19,"overallNizampet, Hyderabad",500,116
Gowtham Kattamuri,Dentist,16,"Hills, Hyderabad",300,16
Monica P,Dentist,8,"overallKukatpally, Hyderabad",400,N/A
Satya Pavan Pakala,Dentist,16,"overallMedipally, Hyderabad",300,72
Naveen Kumar Reddy Kolli,Dentist,12,"overallBHEL, Hyderabad",300,16
Ashwin Deshpande,Dentist,20,"overallNanakramguda, Hyderabad",500,3
Sumeet Singh,Dentist,13,"Nagar, Hyderabad",400,12
Yamini Mannava,Dentist,11,"overallMadinaguda, Hyderabad",300,31
Vivek Matmari,Dentist,20,"overallKachiguda, Hyderabad",600,3
Anoop Chowdary,Dentist,14,"Nagar, Hyderabad",400,18
Sri Sujan Suryadevara,Dentist,15,"Nagar, Hyderabad",300,59
Sudhakar K,Dentist,10,"overallManikonda, Hyderabad",300,121
Deepesh Singh,Dentist,20,"overallKondapur, Hyderabad",500,139
Ravi Perika,Dentist,10,"overallDilsukhnagar, Hyderabad",200,11
Srikar Mane,Dentist,11,"overallKondapur, Hyderabad",450,3
Sneha Lakshmi Nagineni,Dentist,13,"overallGachibowli, Hyderabad",500,718
Deepak Pusa,Dentist,7,"overallKapra, Hyderabad",300,40
Rajesh K Reddy,Dentist,15,"overallGachibowli, Hyderabad",500,118
Suryanarayana Sharma,Dentist,11,"overallGachibowli, Hyderabad",500,295
Pavan Preetham,Dentist,14,"Nagar, Hyderabad",300,15
Geetha Rani Kodati,Dentist,16,"overallDomalguda, Hyderabad",400,N/A
Anirudh Kadiyala,Dentist,11,"overallManikonda, Hyderabad",300,146
Anshul Singh,Dentist,11,"Hills, Hyderabad",400,42
P Srinivas Chary,Dentist,17,"overallKPHB, Hyderabad",300,15
Mallika Adapa,Dentist,5,"overallMadhapur, Hyderabad",300,2
Tejadeepthi Chennamadhavuni,Dentist,12,"District, Hyderabad",500,148
Soma Shekar Sajja,Dentist,11,"overallKPHB, Hyderabad",200,37
Krithi Venkataraman,Dentist,12,"Hills, Hyderabad",1000,28
G Satheesh Kumar,Dentist,11,"overallManikonda, Hyderabad",300,3
Ajay Lahoti,Dentist,19,"Hills, Hyderabad",200,9
Shrija Ravulapally,Dentist,13,"overallGachibowli, Hyderabad",300,6
Supriya,Dentist,10,"overallGachibowli, Hyderabad",300,75
V L Prasanna Yadav A,Dentist,14,"overallDilsukhnagar, Hyderabad",600,3
Athaluri Mounika,Dentist,11,"Nagar, Hyderabad",400,18
Sudhakar,Dentist,16,"overallKondapur, Hyderabad",300,415
B Vishnu Chaitanya Goud,Dentist,13,"overallNarsingi, Hyderabad",300,300
Rahul,Dentist,8,"overallErragadda, Hyderabad",300,87
Nirban Mitra,Dentist,11,"Nagar, Hyderabad",200,8
Srikanth Tirumala,Dentist,13,"overallGachibowli, Hyderabad",500,42
Anurag,Dentist,10,"overallBachupally, Hyderabad",300,17
Jayaraj Pattela,Dentist,15,"Hills, Hyderabad",500,13
Zulfequar Ahmed Chisti,Dentist,9,"Colony, Hyderabad",500,7
Mamidi Obula Reddy,Dentist,8,"overallKondapur, Hyderabad",200,22
Vinay Ram Krishna,Dentist,12,"overallGachibowli, Hyderabad",400,22
Arshita Singh,Dentist,16,"Hills, Hyderabad",400,5
Kriti Arora,Dentist,8,"overallSainikpuri, Hyderabad",300,N/A
Dipika,Dentist,14,"overallKondapur, Hyderabad",400,5
Preethi bingi,Dentist,13,"overallKukatpally, Hyderabad",200,N/A
Sarika P,Dentist,17,"Hills, Hyderabad",350,116
C V Sarath Krishna,Dentist,8,"Nagar, Hyderabad",500,2
Medasani Roshny,Dentist,3,"overallKondapur, Hyderabad",300,8
R Kamala bai,Dentist,9,"Colony, Hyderabad",300,3
Srigiri S,Dentist,6,"overallGachibowli, Hyderabad",300,N/A
Jhansi,Dentist,10,"overallKondapur, Hyderabad",300,N/A
Praveen Kumar,Dentist,12,"overallMiyapur, Hyderabad",300,132
Sneha Poeghal,Dentist,3,"overallBachupally, Hyderabad",500,8
Pradeep Kumar,Dentist,12,"overallTarnaka, Hyderabad",200,N/A
Bose Babu Namala,Dentist,7,"overallSainikpuri, Hyderabad",300,N/A
Goutham Kumar,Dentist,14,"Nagar, Hyderabad",400,N/A
Satyaprathyusha,Dentist,7,"overallKokapet, Hyderabad",400,2
Sandhya,Dentist,9,"overallMadhapur, Hyderabad",400,N/A
Kiranmai,Dentist,5,"overallNallagandla, Hyderabad",400,N/A
Mani Deepika Palabatla,Dentist,8,"overallMadhapur, Hyderabad",500,N/A
Sunehra Sanam,Dentist,9,"overallKPHB, Hyderabad",300,N/A
Shashidhar,Dentist,19,"overallMiyapur, Hyderabad",300,5
Sai Ramya Suneetha,Dentist,6,"overallKPHB, Hyderabad",300,N/A
Manjula,Dentist,11,"overallKukatpally, Hyderabad",200,N/A
Anisha Vallakati,Dentist,12,"Marredpally, Hyderabad",500,11
Srushti Bhavani,Dentist,4,"District, Hyderabad",500,N/A
Koya Kishore Kumar,Dentist,27,"Hills, Hyderabad",500,N/A
Sayantani Mitra,Dentist,5,"Nagar, Hyderabad",200,N/A
Madhulika,Dentist,11,"overallKothapet, Hyderabad",100,N/A
Vasundara,Dentist,19,"overallMadhapur, Hyderabad",400,N/A
Nisar Ahmed,Dentist,12,"Hills, Hyderabad",500,N/A
Harshini,Dentist,11,"Nagar, Hyderabad",200,37
Saranya,Dentist,9,"overallKPHB, Hyderabad",300,N/A
Manali,Dentist,8,"overallNallagandla, Hyderabad",300,N/A
Veena Sravanthi,Dentist,7,"overallKPHB, Hyderabad",300,N/A
Deepthi,Dentist,14,"overallMadinaguda, Hyderabad",300,N/A
Arpita,Dentist,4,"Hills, Hyderabad",300,N/A
Divya Oduru,Dentist,13,"overallMadinaguda, Hyderabad",300,N/A
Venu Babu Pentyala,Dentist,9,"Nagar, Hyderabad",300,N/A
Boga Gouthami,Dentist,9,"overallNagole, Hyderabad",300,N/A
Chandni,Dentist,11,"overallMadinaguda, Hyderabad",300,N/A
Kalyan,Dentist,10,"Hills, Hyderabad",500,N/A
K Sravanthi,Dentist,13,"overallAttapur, Hyderabad",500,N/A
Sri Harsha K,Dentist,13,"overallManikonda, Hyderabad",500,N/A
Sowjanya Godavarthi,Dentist,17,"overallManikonda, Hyderabad",300,34
Mora Sravanthi,Dentist,11,"overallMadhapur, Hyderabad",500,N/A
Vaddepally Sunil Chandra,Dentist,11,"overallHabsiguda, Hyderabad",500,N/A
Podisetty Anand Kumar,Dentist,9,"overallDilsukhnagar, Hyderabad",600,N/A
Shashi Prabha,Dentist,6,"Colony, Hyderabad",300,N/A
Mohammad Baba Shafiuddin,Dentist,10,"overallGachibowli, Hyderabad",500,N/A
Shireen Rashid,Dentist,9,"overallManikonda, Hyderabad",500,N/A
Shreyas Gujjar,Dentist,11,"City, Hyderabad",500,N/A
Pandala Harsha,Dentist,7,"overallPeerzadiguda, Hyderabad",500,N/A
Alla Jagadeesh Naidu,Dentist,7,"overallHabsiguda, Hyderabad",500,N/A
Durga Rani,Dentist,7,"overallJeedimetla, Hyderabad",500,N/A
Hitesh,Dentist,2,"Colony, Hyderabad",300,N/A
Mamatha K,Dentist,5,"Nagar, Hyderabad",500,N/A
Viswasu Krupa Rachel,Dentist,5,"Nagar, Hyderabad",500,N/A
Krithika Priyadarshini,Dentist,5,"overallJeedimetla, Hyderabad",500,N/A
Lakshmi Mandapalli,Dentist,5,"overallMadinaguda, Hyderabad",500,N/A
Inturi Yamini,Dentist,4,"Colony, Hyderabad",500,N/A
Yerrakalava Sreenivasulu Reddy,Dentist,4,"overallChampapet, Hyderabad",500,N/A
Gurulingappa,Dentist,3,"Hills, Hyderabad",500,N/A
Nagarjuna Ys,Dentist,11,"overallSomajiguda, Hyderabad",N/A,N/A
Vaishali Prasad,Dentist,12,"Nagar, Hyderabad",200,38
Sivavenkata Malati Nalli,Dentist,16,"overallKondapur, Hyderabad",300,27
K Bhavishya,Dentist,8,"overallVanasthalipuram, Hyderabad",500,N/A
Snigdha Ch,Dentist,7,"overallVanasthalipuram, Hyderabad",500,N/A
Radha Geethika,Dentist,6,"overallGachibowli, Hyderabad",300,N/A
Shilpa  Singh,Dentist,10,"Colony, Hyderabad",300,N/A
Pallavi,Dentist,24,"overallPunjagutta, Hyderabad",500,10
Gangadhar Akkenaguntla,Dentist,11,"overallKukatpally, Hyderabad",500,N/A
A Vaishna Priya,Dentist,3,"overallKushaiguda, Hyderabad",300,N/A
Rentala Vamshi Krishna,Dentist,7,"Nagar, Hyderabad",300,N/A
Ranabothu Harshitha,Dentist,3,"Nagar, Hyderabad",300,N/A
Aruna D,Dentist,10,"overallHayathnagar, Hyderabad",500,N/A
Nishanth,Dentist,14,"overallManikonda, Hyderabad",300,N/A
Dasari Alekhya,Dentist,7,"overallKondapur, Hyderabad",500,N/A
Divya Vanga,Dentist,3,"overallKondapur, Hyderabad",500,N/A
D Swapna Raju,Dentist,10,"overallAmeerpet, Hyderabad",500,N/A
Ranjith Kumar,Dentist,17,"Nagar, Hyderabad",500,N/A
Abhinay K,Dentist,10,"Nagar, Hyderabad",500,N/A
Manasa Shiramshetti,Dentist,9,"Nagar, Hyderabad",500,N/A
Namratha,Dentist,6,"overallKPHB, Hyderabad",300,N/A
Srinivas,Dentist,12,"overallMadinaguda, Hyderabad",300,N/A
G Sreenivasulu,Dentist,23,"overallVidyanagar, Hyderabad",150,19
O Srinivas,Dentist,10,"Colony, Hyderabad",300,N/A
Sai Prasad,Dentist,9,"overallMadinaguda, Hyderabad",300,N/A
Vinil Chaitanya,Dentist,16,"overallAlwal, Hyderabad",300,19
Vanaja Rachha,Dentist,27,"overallGachibowli, Hyderabad",500,40
Madhukar Neerudu,Dentist,30,"Nagar, Hyderabad",300,331
Shirish Kumar,Dentist,9,"overallVanasthalipuram, Hyderabad",500,N/A
Nitin Kumar P,Dentist,25,"overallKondapur, Hyderabad",500,N/A
Shaik Fayaz Ahmed,Dentist,16,"overallKukatpally, Hyderabad",500,N/A
Sudha Chitumalla,Dentist,24,"Hills, Hyderabad",400,32
Hanoch Kumar Kapuganti,Dentist,12,"Hills, Hyderabad",500,N/A
P Satish Rao,Dentist,23,"overallAmeerpet, Hyderabad",200,21
Rashmi,Dentist,23,"overallNizampet, Hyderabad",500,51
Kavya Bendalam,Dentist,5,"overallKukatpally, Hyderabad",500,N/A
G Lavanya,Dentist,13,"overallKondapur, Hyderabad",500,N/A
Pradeep,Dentist,13,"overallSecunderabad, Hyderabad",550,N/A
Kranthi Kumar Reddy R,Dentist,16,"overallKondapur, Hyderabad",500,197
S Sreedhar Reddy,Dentist,24,"Marredpally, Hyderabad",400,107
Jameel Ahmed Subhani,Dentist,11,"overallChintalmet, Hyderabad",100,126
Swathi B,Dentist,13,"overallAmeerpet, Hyderabad",500,N/A
Rajesh Aduri,Dentist,13,"overallDilsukhnagar, Hyderabad",400,147
Mallepally Sruthi,Dentist,7,"overallAmeerpet, Hyderabad",500,N/A
Goutham Kandula,Dentist,26,"Nagar, Hyderabad",400,9
Dhanireddy Padmaja,Dentist,7,"overallKPHB, Hyderabad",400,13
Vamsi Krishna Reddy A,Dentist,13,"overallAlwal, Hyderabad",300,35
Nadeem Qadri,Dentist,14,"City, Hyderabad",300,170
Sumedha Chithaluru,Dentist,12,"overallGachibowli, Hyderabad",450,13
Sukhvinder Bindra,Dentist,24,"overallSecunderabad, Hyderabad",1000,5
Karam Sujitha,Dentist,8,"Nagar, Hyderabad",500,N/A
Hari Kumar Redapanga,Dentist,6,"overallNarayanguda, Hyderabad",200,N/A
Deepthi,Dentist,10,"city, Hyderabad",350,19
Sowgandhi M K,Dentist,10,"Colony, Hyderabad",300,N/A
Sandeep Nandakumar,Dentist,21,"overallKondapur, Hyderabad",500,128
Taufiq Munshi,Dentist,26,"Nagar, Hyderabad",500,N/A
Radhika K,Dentist,14,"Colony, Hyderabad",300,52
Naveen Kumar R,Dentist,22,"overallKukatpally, Hyderabad",200,11
Venkatappaiah,Dentist,29,"overallNacharam, Hyderabad",200,247
Pallavi G Pawar,Dentist,19,"Nagar, Hyderabad",400,2
K Kiran Kumar,Dentist,27,"overallVidyanagar, Hyderabad",300,433
Venugopal Rao Nadella,Dentist,23,"overallNanakramguda, Hyderabad",500,104
N Srinivas,Dentist,21,"Nagar, Hyderabad",200,1203
Preeti Maurya,Dentist,12,"overallNallagandla, Hyderabad",400,47
Prathibha,Dentist,11,"overallKPHB, Hyderabad",200,114
Veena Sura,Dentist,17,"overallManikonda, Hyderabad",300,10
NagubandI Kiran Kumar,Dentist,19,"overallKPHB, Hyderabad",300,16
Rajkumar,Dentist,18,"Nagar, Hyderabad",400,14
Lakshmi Reddy,Dentist,8,"overallKokapet, Hyderabad",300,N/A
Yashvanth Bethapudi,Dentist,13,"overallRamkoti, Hyderabad",300,359
Premnath,Dentist,11,"overallEcil, Hyderabad",300,4
Paridhi Bhargava,Dentist,12,"overallGachibowli, Hyderabad",500,28
Sukhwinder Bindra,Dentist,22,"Hills, Hyderabad",300,3
Aparajita Gangrade,Dentist,9,"overallMadhapur, Hyderabad",500,41
Trupti Kashikar,Dentist,20,"overallGachibowli, Hyderabad",300,85
Vamsi G,Dentist,23,"overallSainikpuri, Hyderabad",400,107
Nagaraju Tanneru,Dentist,17,"overallNagole, Hyderabad",300,4
Kalgi Shah,Dentist,9,"overallGachibowli, Hyderabad",500,13
Ramakanth Reddy Dubbudu,Dentist,21,"overallGachibowli, Hyderabad",500,3
Ruthika Patil,Dentist,11,"Hills, Hyderabad",350,19
Sarath,Dentist,17,"overallAmeerpet, Hyderabad",350,34
Gayathri,Dentist,13,"overallNarsingi, Hyderabad",300,N/A
Manisha Patnaik,Dentist,12,"overallGachibowli, Hyderabad",600,N/A
Sunanda,Dentist,12,"overallTarnaka, Hyderabad",200,2
B Anand,Dermatologist,17,"overallKarkhana, Hyderabad",600,206
Sruthi Alla,Dermatologist,12,"overallMadhapur, Hyderabad",800,314
Harika Ramisetty,Dermatologist,14,"overallMadhapur, Hyderabad",600,65
Soumya Podduturi,Dermatologist,13,"overallSecunderabad, Hyderabad",600,209
Lakshmi Sowjanya Chekuri,Dermatologist,17,"overallGachibowli, Hyderabad",850,6
Meghana,Dermatologist,20,"Hills, Hyderabad",600,121
Manisha Mareddy,Dermatologist,7,"overallGachibowli, Hyderabad",800,10
Nagaraju D,Dermatologist,11,"overallKukatpally, Hyderabad",500,17
Keerthi Subramaniam,Dermatologist,14,"Hills, Hyderabad",600,27
Neena Kondapally,Dermatologist,15,"overallGachibowli, Hyderabad",800,36
Ravali Yalamanchili,Dermatologist,10,"Hills, Hyderabad",700,82
Y Nikhil Kumar Reddy,Dermatologist,12,"Circle, Hyderabad",500,190
T N Rekha Singh,Dermatologist,19,"overallSecunderabad, Hyderabad",600,225
Deepthi Atmakuri,Dermatologist,9,"Hills, Hyderabad",900,24
B Utham Kumar,Dermatologist,24,"Nagar, Hyderabad",500,79
Shalini Patodiya,Dermatologist,16,"overallNallagandla, Hyderabad",600,31
Sirisha Yanegalla,Dermatologist,13,"overallKondapur, Hyderabad",600,176
U Brahmaiah,Dermatologist,10,"overallSecunderabad, Hyderabad",600,37
Saritha Thotakura,Dermatologist,7,"overallKPHB, Hyderabad",600,12
Satyanarayana Murthy Komakula,Dermatologist,34,"Nagar, Hyderabad",450,17
Pilli  Manasa Veena,Dermatologist,11,"Nagar, Hyderabad",600,15
Anudeep,Dermatologist,10,"overallKondapur, Hyderabad",500,57
Divya Venkumahanty Suma,Dermatologist,12,"overallSecunderabad, Hyderabad",600,33
Hima Bindu,Dermatologist,16,"Nagar, Hyderabad",600,48
Prathyusha,Dermatologist,13,"overallKPHB, Hyderabad",600,44
Khayati Singla,Dermatologist,13,"Nagar, Hyderabad",600,32
Deepali Marthineni,Dermatologist,10,"Hills, Hyderabad",500,17
Anushya Shreya Baddula,Dermatologist,7,"Hills, Hyderabad",600,33
Sridevi Sravya,Dermatologist,9,"overallGachibowli, Hyderabad",600,31
Navya Sri Kadiyala,Dermatologist,13,"Hills, Hyderabad",600,13
Varsha K L,Dermatologist,6,"overallSecunderabad, Hyderabad",600,3
Kakumanu Methini Reddy,Dermatologist,8,"overallGachibowli, Hyderabad",600,11
Archana Bhowmik,Dermatologist,10,"Nagar, Hyderabad",600,8
Harini Irri,Dermatologist,7,"overallKPHB, Hyderabad",600,5
Shaik Noor Fazal,Dermatologist,5,"overallGachibowli, Hyderabad",600,4
Tishya Singh,Dermatologist,9,"overallGachibowli, Hyderabad",600,7
D Pratyusha Kolanuvada,Dermatologist,9,"overallGachibowli, Hyderabad",600,7
Chadalavada Pragathi,Dermatologist,6,"Hills, Hyderabad",600,4
Vijaya Lakshmi Chelikani,Dermatologist,8,"overallMadhapur, Hyderabad",700,N/A
Brahmananda Reddy,Dermatologist,11,"Hills, Hyderabad",800,331
Sruthi Gondi,Dermatologist,13,"Hills, Hyderabad",700,178
Manasa Chintawar,Dermatologist,8,"overallSecunderabad, Hyderabad",500,N/A
S Divya,Dermatologist,11,"overallKPHB, Hyderabad",600,60
M S Premika,Dermatologist,2,"Hills, Hyderabad",700,N/A
Kolla Sri Harsha,Dermatologist,7,"overallMadhapur, Hyderabad",500,N/A
K Anusha,Dermatologist,9,"overallKondapur, Hyderabad",500,17
Sonal Agarwala,Dermatologist,12,"overallMadinaguda, Hyderabad",500,N/A
Harika C,Dermatologist,10,"Hills, Hyderabad",600,N/A
Kamal,Dermatologist,33,"Nagar, Hyderabad",500,121
Shilpa,Dermatologist,19,"Hills, Hyderabad",500,31
Ch Vijay Bhasker Reddy,Dermatologist,13,"Nagar, Hyderabad",800,12
Swapna Kunduru,Dermatologist,21,"overallGachibowli, Hyderabad",800,41
Radha Shah,Dermatologist,28,"Hills, Hyderabad",1000,14
Naveen Atluru,Dermatologist,12,"Hills, Hyderabad",1000,22
Nishant Jain,Dermatologist,7,"overallAmeerpet, Hyderabad",500,8
Hima Bindu,Dermatologist,12,"overallAmberpet, Hyderabad",500,24
Anup Kumar Lahari,Dermatologist,39,"overallSecunderabad, Hyderabad",600,10
Vritika Gaddam,Dermatologist,13,"Hills, Hyderabad",1000,28
Venu Kumari,Dermatologist,18,"Nagar, Hyderabad",500,929
Himabindu,Dermatologist,17,"overallManikonda, Hyderabad",500,20
Indira,Dermatologist,33,"overallAmeerpet, Hyderabad",600,7
G L Sitara,Dermatologist,13,"overallMadinaguda, Hyderabad",500,301
Saguna Puttoo,Dermatologist,25,"Hills, Hyderabad",600,106
Veman Enthangi,Dermatologist,18,"overallKondapur, Hyderabad",600,58
B Vijayasree,Dermatologist,16,"City, Hyderabad",500,N/A
Bhargavi Adusumilli,Dermatologist,20,"overallMadhapur, Hyderabad",700,285
Uma Chakravadhanula,Dermatologist,29,"overallMadhapur, Hyderabad",700,31
Syeda Nikhat,Dermatologist,26,"Hills, Hyderabad",700,12
Radha Penumatsa,Dermatologist,10,"overallKompally, Hyderabad",600,17
Rajyalaxmi Konathan,Dermatologist,29,"overallSecunderabad, Hyderabad",800,12
G Sree Ranjitha,Dermatologist,14,"Nagar, Hyderabad",500,7
P Suprith Reddy,Dermatologist,11,"City, Hyderabad",500,42
Alekya Singapore,Dermatologist,10,"Hills, Hyderabad",1200,30
Akansh Jain,Dermatologist,13,"Colony, Hyderabad",500,11
Spoorthy Nagineni,Dermatologist,10,"Hills, Hyderabad",1000,60
Nataraj Perumalla,Dermatologist,19,"overallAlwal, Hyderabad",500,18
Guruvani Ravu,Dermatologist,13,"overallGachibowli, Hyderabad",750,14
Divyasree P,Dermatologist,14,"overallKondapur, Hyderabad",700,24
Sri Lakshmi Kolluri,Dermatologist,17,"overallGachibowli, Hyderabad",800,N/A
Nilofer,Dermatologist,10,"overallManikonda, Hyderabad",600,24
V Rekha,Dermatologist,10,"overallMiyapur, Hyderabad",600,N/A
Mounika Ketha,Dermatologist,10,"overallManikonda, Hyderabad",700,97
T Dayal Singh,Dermatologist,36,"overallNallakunta, Hyderabad",600,3
Sai Sandeepthi,Dermatologist,11,"overallNallagandla, Hyderabad",600,13
Ramya Krishna C,Dermatologist,6,"Hills, Hyderabad",500,4
Aishwarya Sivuni,Dermatologist,8,"overallManikonda, Hyderabad",500,N/A
Sriteja Vemulapalli,Dermatologist,12,"overallKukatpally, Hyderabad",600,N/A
Vasavi Latha Chandika,Dermatologist,18,"Marredpally, Hyderabad",700,N/A
Durga Kalyani,Dermatologist,13,"Colony, Hyderabad",500,9
Shruthi,Dermatologist,10,"Circle, Hyderabad",500,N/A
Akhila Reddy,Dermatologist,6,"Hills, Hyderabad",600,N/A
Pranoti Deshpande,Dermatologist,5,"overallKanchanbagh, Hyderabad",500,N/A
Suvidha Gandra,Dermatologist,6,"Hills, Hyderabad",700,N/A
P Sravanthi,Dermatologist,10,"overallNacharam, Hyderabad",600,N/A
Shilpa Reddy Gill,Dermatologist,13,"Hills, Hyderabad",2000,N/A
Padmaja Yelaboyina,Dermatologist,7,"overallEcil, Hyderabad",700,N/A
Warisa Khan,Dermatologist,5,"overallAttapur, Hyderabad",500,N/A
Sushmitha,ENT,28,"overallAmeerpet, Hyderabad",600,28
M M Shareef,ENT,25,"overallMadhapur, Hyderabad",600,331
Shakuntala Ghosh,ENT,23,"overallChaitanyapuri, Hyderabad",800,258
Sathish Kumar S,ENT,17,"overallMiyapur, Hyderabad",500,146
Mohammed Yawar,ENT,8,"Nagar, Hyderabad",600,44
Dheeraj Kumar Jonnalagadda,ENT,9,"Hills, Hyderabad",500,66
S Neelima,ENT,13,"overallMiyapur, Hyderabad",500,14
Krishna Bojja,ENT,20,"Nagar, Hyderabad",600,18
Chinny Sree M,ENT,10,"overallKPHB, Hyderabad",750,2
Ayyappa,ENT,13,"overallUppal, Hyderabad",400,3
Sampurna Ghosh,ENT,13,"City, Hyderabad",500,165
Sriprakash Vinnakota,ENT,24,"overallKPHB, Hyderabad",750,382
Ashok Kumar Singh,ENT,17,"overallGachibowli, Hyderabad",800,176
EC Vinaya Kumar,ENT,35,"Hills, Hyderabad",800,6
S B V Chandrasekhar,ENT,15,"Road, Hyderabad",700,6
Srinivasa Reddy,ENT,34,"overallHyderguda, Hyderabad",1000,3
Imtiaz Kabirudin Bandeali,ENT,13,"overallKompally, Hyderabad",400,26
Shiny Priyanka,ENT,10,"overallMehdipatnam, Hyderabad",500,25
C Shekhar Singh,ENT,36,"overallKarkhana, Hyderabad",700,N/A
Kranthi Paladugu,ENT,18,"overallKukatpally, Hyderabad",400,49
Koka Ram Babu,ENT,41,"Hills, Hyderabad",1000,N/A
Avinash Chaitanya,ENT,13,"Road, Hyderabad",400,3
Jaswender Singh Saluja,ENT,31,"Hills, Hyderabad",1000,N/A
Ramesh Kumar Pitchika,ENT,22,"overallMiyapur, Hyderabad",600,89
Deen Dayal,ENT,44,"overallSecunderabad, Hyderabad",700,10
C Ramakrishna,ENT,37,"Road, Hyderabad",650,N/A
Soumya Dasari,ENT,2,"overallGachibowli, Hyderabad",500,N/A
Kiran Kumar,ENT,15,"overallGachibowli, Hyderabad",500,6
N Venkatram Reddy,ENT,40,"Nagar, Hyderabad",630,N/A
Nihal Fathima,ENT,9,"overallTolichowki, Hyderabad",400,7
Y L Ravi Jadhav,ENT,14,"overallBeeramguda, Hyderabad",600,10
Prasanna Kumar,ENT,19,"overallKanchanbagh, Hyderabad",300,N/A
Karthik M,ENT,13,"overallKachiguda, Hyderabad",600,3
Naidu N Lalitha Lavanya,ENT,14,"overallAttapur, Hyderabad",400,N/A
Naveen Kumar Bashetty,ENT,21,"overallSecunderabad, Hyderabad",700,N/A
Sreeram Valluri,ENT,11,"overallManikonda, Hyderabad",600,N/A
Ramya Sudha,ENT,8,"Hills, Hyderabad",500,N/A
Swapnal  Rameshwar  Sawarkar,ENT,7,"overallAmeerpet, Hyderabad",400,N/A
Praveen Kumar Manchirevula,ENT,11,"overallKukatpally, Hyderabad",500,N/A
Neha Jain,ENT,11,"overallSecunderabad, Hyderabad",700,N/A
Suman K S,ENT,8,"overallSecunderabad, Hyderabad",700,N/A
Gopalkrishna,Gastroenterologist,16,"overallMadinaguda, Hyderabad",600,37
Suraj Uppalapati,Gastroenterologist,11,"overallKondapur, Hyderabad",700,163
Sarada Pasangulapati,Gastroenterologist,15,"overallManikonda, Hyderabad",600,54
N Karunakar Reddy,Gastroenterologist,19,"overallNizampet, Hyderabad",500,8
Gurunath T Reddy,Gastroenterologist,32,"overallGachibowli, Hyderabad",1000,N/A
Prasad Neelam,Gastroenterologist,13,"overallMadhapur, Hyderabad",650,N/A
Raghuram Kondala,Gastroenterologist,18,"overallGachibowli, Hyderabad",900,65
Ramesh Srinivasan,Gastroenterologist,27,"Hills, Hyderabad",800,18
Moka Praneeth,Gastroenterologist,14,"City, Hyderabad",500,10
B Varun Rao,Gastroenterologist,18,"City, Hyderabad",650,92
B Prabhakar,Gastroenterologist,28,"overallHyderguda, Hyderabad",600,10
Sarathchandra Gorantla,Gastroenterologist,16,"Hills, Hyderabad",1200,8
K S Somasekhar Rao,Gastroenterologist,21,"Hills, Hyderabad",1200,4
V Vamsidhar Reddy,Gastroenterologist,15,"overallKondapur, Hyderabad",500,4
Rajendra Prasad Bhupathi,Gastroenterologist,23,"Nagar, Hyderabad",680,2
Sundeep Lakhtakia,Gastroenterologist,24,"overallGachibowli, Hyderabad",500,16
Subrahmaneswara Babu,Gastroenterologist,15,"overallSecunderabad, Hyderabad",1500,N/A
Sai Krishna Katepally,Gastroenterologist,16,"overallHabsiguda, Hyderabad",600,11
Mohammed Saaduddin azmi,Gastroenterologist,14,"Hills, Hyderabad",600,N/A
Mohan Ramchandani,Gastroenterologist,27,"overallGachibowli, Hyderabad",500,16
Nageshwar K,Gastroenterologist,24,"Nagar, Hyderabad",500,12
Sivananda Reddy,Gastroenterologist,15,"Nagar, Hyderabad",680,2
Pramod Kumar D A,Gastroenterologist,12,"overallGachibowli, Hyderabad",500,3
Sudarshan Reddy K,Gastroenterologist,16,"overallUppal, Hyderabad",600,N/A
K Prashanth,Gastroenterologist,9,"Hills, Hyderabad",600,N/A
Parag Dashatwar,Gastroenterologist,15,"overallMehdipatnam, Hyderabad",650,N/A
Harish,Gastroenterologist,6,"Colony, Hyderabad",600,N/A
G Harsha Vardhan Reddy,Gastroenterologist,8,"overallMadhapur, Hyderabad",2500,2
C Nithya,General physician,20,"overallKukatpally, Hyderabad",750,69
Mohammed Anfas,General physician,17,"overallTolichowki, Hyderabad",500,49
Harshavardhan Singh,General physician,11,"overallMiyapur, Hyderabad",600,2
Kolkunda Vijay Kumar,General physician,17,"Nagar, Hyderabad",400,98
Sivani Payneni,General physician,16,"overallSerilingampally, Hyderabad",650,32
Aashritha Mekala,General physician,11,"overallAttapur, Hyderabad",350,24
Sonal Jain,General physician,13,"Nagar, Hyderabad",900,59
Srinivas Jakkinaboina,General physician,25,"overallNarsingi, Hyderabad",500,N/A
K Sandeep Reddy,General physician,15,"overallManikonda, Hyderabad",500,26
Samar Sen Popuri,General physician,14,"overallManikonda, Hyderabad",500,114
Meka Satyanarayana,General physician,41,"overallKukatpally, Hyderabad",900,353
Syed Athar Hussain,General physician,29,"overallKondapur, Hyderabad",650,33
Usha Gaddam,General physician,15,"overallManikonda, Hyderabad",650,6
E Priyatham,General physician,10,"overallUppal, Hyderabad",500,3
Gouraiah,General physician,11,"overallBoduppal, Hyderabad",500,4
M Srikanth Goud,General physician,8,"overallUppal, Hyderabad",600,N/A
Abhinandana,General physician,12,"overallKondapur, Hyderabad",500,2
Hemanth Kumar,General physician,7,"Hills, Hyderabad",500,N/A
Salma Sultana,General physician,11,"overallDammaiguda, Hyderabad",300,N/A
Shaeq Mirza,General physician,17,"overallHyderguda, Hyderabad",600,11
Suram Vasanth Kumar,General physician,17,"overallUppal, Hyderabad",500,8
Jagadeesh Kumar Kanukuntla,General physician,16,"overallGachibowli, Hyderabad",800,13
Indira Ramasahayam Reddy,General physician,36,"Hills, Hyderabad",800,5
Vasanth Kumar,General physician,45,"Hills, Hyderabad",600,5
Anish Anand Janareddy,General physician,25,"Hills, Hyderabad",600,2
Moka Praneeth,General physician,14,"City, Hyderabad",500,10
Neehar Potluri,General physician,23,"overallKukatpally, Hyderabad",600,461
Naveen Reddy A,General physician,19,"overallAmeerpet, Hyderabad",500,17
Naveen Polavarapu,General physician,22,"Hills, Hyderabad",1200,8
Satyanarayana Batari,General physician,13,"Nagar, Hyderabad",1000,21
Mithil B Ghushe,General physician,20,"City, Hyderabad",500,13
Venkata Rao Abbineni,General physician,46,"Hills, Hyderabad",1000,8
Rajeev Prasad,General physician,10,"overallKarmanghat, Hyderabad",500,26
Manish Dugar,General physician,19,"Hills, Hyderabad",1000,11
Ranjit kumar S,General physician,15,"overallVanasthalipuram, Hyderabad",500,9
Vritika Gaddam,General physician,13,"Hills, Hyderabad",1000,28
Prabhakar E Shastri,General physician,37,"Hills, Hyderabad",1000,3
Ganesh Yadala,General physician,37,"Hills, Hyderabad",1000,2
Lal Udai,General physician,33,"overallAmeerpet, Hyderabad",800,4
Lakshmikanth Reddy,General physician,17,"City, Hyderabad",500,6
Srinivas Chakravarthy Gummaraju,General physician,34,"Hills, Hyderabad",1000,N/A
C Venkata S Ram,General physician,40,"Hills, Hyderabad",1500,N/A
Surya Pavan Reddy,General physician,26,"Hills, Hyderabad",1000,N/A
L Sunandhini,General physician,26,"overallAmeerpet, Hyderabad",600,6
Fini Ani Philip,General physician,29,"overallKPHB, Hyderabad",500,105
Yakkala Suresh Babu,General physician,20,"Hills, Hyderabad",800,3
Praveen,General physician,13,"overallBoduppal, Hyderabad",500,13
Raghu D K,General physician,22,"Hills, Hyderabad",800,N/A
J Gopala Krishna,General physician,13,"Colony, Hyderabad",400,53
Naveen Kumar Pothireddy,General physician,14,"City, Hyderabad",500,23
Pramati Reddy,General physician,28,"Hills, Hyderabad",800,N/A
B Ramulu,General physician,36,"overallSecunderabad, Hyderabad",600,7
Sudhir Chalasani,General physician,14,"Hills, Hyderabad",800,7
Prathima Chilukuri,General physician,18,"overallNallagandla, Hyderabad",800,111
Shweta Bhaskar,General physician,13,"overallManikonda, Hyderabad",500,10
Lakshmi Godavarthy,General physician,25,"Hills, Hyderabad",800,5
Srinivas Yadavalli,General physician,24,"Hills, Hyderabad",800,5
Aarti Singh,General physician,8,"overallKarkhana, Hyderabad",500,N/A
Vikram Cheryala,General physician,12,"overallKokapet, Hyderabad",600,208
Ganesh Mathan,General physician,26,"overallLingampally, Hyderabad",700,399
Neelwanti Soni,General physician,20,"overallKondapur, Hyderabad",600,169
B Subba Rao,General physician,43,"overallMalkajgiri, Hyderabad",300,4
Nitish,General physician,8,"overallBarkatpura, Hyderabad",800,15
Somnath,General physician,30,"overallUppal, Hyderabad",600,24
Sarah Kaderi,General physician,9,"overallLakdikapul, Hyderabad",300,5
Thrivikram,General physician,21,"overallUppal, Hyderabad",600,12
Jai Simha Reddy,General physician,27,"overallKPHB, Hyderabad",900,16
Ashwin M Shah,General physician,38,"Hills, Hyderabad",1500,N/A
Harish Nerella,General physician,11,"overallManikonda, Hyderabad",500,9
Srikanth Boini,General physician,10,"overallMiyapur, Hyderabad",600,16
Vijay Yerroju,General physician,15,"Nagar, Hyderabad",500,51
Shashidhar Kumar,General physician,12,"overallUppal, Hyderabad",500,6
Rajib Paul,General physician,22,"Hills, Hyderabad",1000,7
Sowmya Bondalapati,General physician,9,"overallGachibowli, Hyderabad",800,20
Hima Challa,General physician,19,"Hills, Hyderabad",1500,20
C Sairam,General physician,34,"Road, Hyderabad",550,N/A
Soumya Parimi,General physician,20,"Hills, Hyderabad",1500,N/A
Gopinath Bandari,General physician,13,"Hills, Hyderabad",1000,N/A
Krishna Mohan,General physician,20,"overallGachibowli, Hyderabad",900,N/A
Venugopal Arroju,General physician,15,"Hills, Hyderabad",1500,N/A
Srikar Darisetty,General physician,14,"Hills, Hyderabad",1500,N/A
Shravani Karumuru,General physician,11,"overallMadhapur, Hyderabad",550,3
Vimal Rai,General physician,55,"Road, Hyderabad",550,35
Rahul Gandhi Godisela,General physician,19,"overallAttapur, Hyderabad",350,15
Khadhar Pasha,General physician,12,"overallManikonda, Hyderabad",300,35
Anil Kotamreddy,General physician,19,"overallKondapur, Hyderabad",900,2
Mirza Aziz Baig,General physician,20,"Nagar, Hyderabad",600,121
Sharath Chandra,General physician,11,"Nagar, Hyderabad",800,6
Anirudha Anumula,General physician,16,"overallKondapur, Hyderabad",600,16
Vivek Belde,General physician,16,"Nagar, Hyderabad",450,12
Sameer Vankar,General physician,16,"overallSecunderabad, Hyderabad",750,N/A
Annam Sridhar,General physician,26,"Hills, Hyderabad",1000,N/A
Triveni T,General physician,3,"overallKPHB, Hyderabad",100,3
Y Sridhar,General physician,19,"overallKondapur, Hyderabad",600,21
Mohammed Salman Mohiuddin,General physician,5,"Hills, Hyderabad",200,N/A
Harish Kadarala,General physician,19,"Nagar, Hyderabad",550,N/A
Niloufer Ali,General physician,12,"overallAmeerpet, Hyderabad",800,N/A
R R L Gayathri,General physician,7,"Nagar, Hyderabad",400,N/A
Sahiti Priya V,General physician,15,"overallGachibowli, Hyderabad",800,N/A
Adiba Afreen,General physician,3,"overallBandlaguda, Hyderabad",100,N/A
Nilofer,General physician,10,"overallManikonda, Hyderabad",600,24
Kalyan Uppaluri,General physician,19,"Hills, Hyderabad",1500,13
Harini Reddy,General physician,16,"overallHyderguda, Hyderabad",500,3
Haarika Yalavarthi,General physician,5,"overallGachibowli, Hyderabad",700,N/A
P Chandrashekar,General physician,5,"overallManikonda, Hyderabad",200,N/A
Vijayashree Kumaraswamy Midathala,General physician,26,"overallKondapur, Hyderabad",450,3
Srikar Krishna,General physician,11,"overallNizampet, Hyderabad",550,N/A
Kiran Macha,General physician,7,"overallSecunderabad, Hyderabad",900,N/A
Sai Kiran Thipparthi,General physician,12,"overallKondapur, Hyderabad",500,14
Srirang Abkari,General physician,22,"Road, Hyderabad",600,7
Mote Srikanth,General physician,9,"overallUppal, Hyderabad",450,17
Savita Sharma,General physician,29,"overallKondapur, Hyderabad",550,2
Markandeya Akurathi,General physician,13,"overallKondapur, Hyderabad",500,9
Mohammed Muneeb Quaraishi,General physician,21,"overallKondapur, Hyderabad",600,6
Venkataramana Kalluri,General physician,7,"overallVanasthalipuram, Hyderabad",200,N/A
Kalpana S,General physician,12,"overallNizampet, Hyderabad",300,N/A
Mohd Ifthekar Mohiuddin,General physician,15,"overallMehdipatnam, Hyderabad",550,N/A
N Avinash,General physician,12,"overallJeedimetla, Hyderabad",350,2
Shruti Deshpande,General physician,11,"city, Hyderabad",500,5
K Naga Jyothi,General physician,18,"overallKanchanbagh, Hyderabad",500,4
S Raghavender,General physician,12,"overallNacharam, Hyderabad",500,15
Dipika Narayan Aawar,General physician,11,"overallVidyanagar, Hyderabad",500,2
Swathi Prathipati,General physician,7,"Hills, Hyderabad",750,N/A
Ravindra Kumar Sravanam,General physician,13,"overallKukatpally, Hyderabad",600,3
Murali Mohan Yadavalli,General physician,26,"overallKPHB, Hyderabad",750,N/A
Ravisankar Erukulpati,General physician,25,"Hills, Hyderabad",800,N/A
Mohammad Ali,General physician,4,"Nagar, Hyderabad",250,N/A
M Srinivasa Rao,General physician,41,"overallHyderguda, Hyderabad",500,N/A
Y Geeta Devi,General physician,25,"overallKondapur, Hyderabad",800,3
Vandana,General physician,17,"overallNizampet, Hyderabad",550,N/A
Fayezah Syed,General physician,5,"Hills, Hyderabad",500,N/A
Triven Sagar,General physician,14,"overallKompally, Hyderabad",400,N/A
Suma Pigilam,General physician,14,"Hills, Hyderabad",1000,N/A
Amjadali Jamadar,General physician,13,"overallAttapur, Hyderabad",350,N/A
Jonnala Seshayamma,General physician,10,"overallKukatpally, Hyderabad",500,N/A
Susan Darla,General physician,4,"overallUppal, Hyderabad",450,N/A
Jukanti Nava Vikas,General physician,6,"overallKompally, Hyderabad",600,7
Sai Kiran,General physician,11,"overallKondapur, Hyderabad",600,N/A
Ranga Srikanth,General physician,17,"overallMehdipatnam, Hyderabad",550,N/A
Mubashir Ahmed,General physician,14,"overallMehdipatnam, Hyderabad",500,N/A
Nimmagadda Viraja,General physician,8,"overallMehdipatnam, Hyderabad",550,N/A
Archana Satyam,General physician,11,"Colony, Hyderabad",3000,2
Rup Goswami,General physician,36,"overallGachibowli, Hyderabad",1000,N/A
Syed Mohd Abdul Aziz,General physician,8,"City, Hyderabad",250,N/A
Md Aslam Mohsin,General physician,10,"overallAmberpet, Hyderabad",300,N/A
Talacheru Srinivasulu,General physician,18,"overallMadhapur, Hyderabad",550,N/A
Y S R Shanti Navyatha,General physician,13,"overallKondapur, Hyderabad",1250,N/A
Cymantha Bandameedi,General physician,12,"overallKondapur, Hyderabad",600,N/A
Karthik Meruva,General physician,12,"Nagar, Hyderabad",600,N/A
Aravind Reddy A,General physician,13,"overallPeerzadiguda, Hyderabad",600,N/A
M Soumya,General physician,8,"overallKachiguda, Hyderabad",600,N/A
Ramya Puligari,General physician,9,"Road, Hyderabad",600,N/A
Greeshma Devi,General physician,18,"overallGachibowli, Hyderabad",600,N/A
Byreddy Siva Reddy,General physician,13,"Hills, Hyderabad",1000,N/A
Srinivas Aditya S,General physician,13,"overallGachibowli, Hyderabad",800,N/A
Padmaja Yelaboyina,General physician,7,"overallEcil, Hyderabad",700,N/A
Gopi Tupkar,General physician,11,"overallEcil, Hyderabad",500,N/A
Swathi Reddy,Gynecologist,15,"overallGachibowli, Hyderabad",500,25
Puja Lavania,Gynecologist,17,"Nagar, Hyderabad",400,163
Andal Reddy,Gynecologist,23,"overallManikonda, Hyderabad",500,92
B Kiranmayee,Gynecologist,14,"overallNallagandla, Hyderabad",550,233
Nidhi Nair,Gynecologist,42,"Nagar, Hyderabad",650,49
P Tanuja,Gynecologist,14,"overallAmeerpet, Hyderabad",700,8
G Jayanthi,Gynecologist,15,"overallVanasthalipuram, Hyderabad",350,12
BKN Sudha,Gynecologist,17,"overallKPHB, Hyderabad",500,76
Swapna Mudragada,Gynecologist,21,"overallNarsingi, Hyderabad",500,7
Sai Manasa Darla,Gynecologist,11,"overallDilsukhnagar, Hyderabad",700,8
Tejashree A,Gynecologist,9,"overallDilsukhnagar, Hyderabad",700,8
Preethi Kondakindi,Gynecologist,5,"overallMadhapur, Hyderabad",400,N/A
Mahita Reddy,Gynecologist,32,"Hills, Hyderabad",700,9
Eeshani Dutta,Gynecologist,10,"overallQuthbullapur, Hyderabad",500,16
Parinaaz Parhar,Gynecologist,10,"overallSecunderabad, Hyderabad",700,55
Rinki Tiwari,Gynecologist,14,"City, Hyderabad",650,17
Sindhura Bandi,Gynecologist,12,"overallKokapet, Hyderabad",800,N/A
Shravanya Kommu,Gynecologist,10,"overallKukatpally, Hyderabad",500,33
Maanasa Nellutla,Gynecologist,14,"overallManikonda, Hyderabad",500,20
Dimple Mishra,Gynecologist,9,"overallNallagandla, Hyderabad",600,32
Deepthi,Gynecologist,10,"overallNallagandla, Hyderabad",500,16
Sritheja,Gynecologist,10,"Nagar, Hyderabad",400,13
Vandana Hegde,Gynecologist,20,"City, Hyderabad",800,887
Aradhya Achuri,Gynecologist,12,"overallGachibowli, Hyderabad",600,N/A
Swarnalatha Kamshetty,Gynecologist,13,"Nagar, Hyderabad",500,4
Vijaya Lakshmi,Gynecologist,23,"overallKondapur, Hyderabad",1000,32
Prasanna Gonuguntla,Gynecologist,11,"overallSecunderabad, Hyderabad",600,7
Indrani Mogali,Gynecologist,22,"overallKompally, Hyderabad",600,71
L Revathi,Gynecologist,29,"Nagar, Hyderabad",650,4
Manav Chintawar,Gynecologist,7,"overallRamanthapur, Hyderabad",350,N/A
Madhavi,Gynecologist,19,"Nagar, Hyderabad",650,16
Jyothsna Mathena,Gynecologist,14,"overallKondapur, Hyderabad",500,N/A
Manasa Reddy,Gynecologist,10,"overallKokapet, Hyderabad",600,N/A
Nikila Kantha,Gynecologist,11,"overallDammaiguda, Hyderabad",300,N/A
Methukupally Arpitha Reddy,Gynecologist,24,"overallKukatpally, Hyderabad",600,N/A
Veerapaneni Sravya,Gynecologist,7,"overallKukatpally, Hyderabad",500,68
Bharathi Sudha A,Gynecologist,10,"overallGachibowli, Hyderabad",600,4
Mandira Singh,Gynecologist,36,"Nagar, Hyderabad",600,40
Jasmin Rath,Gynecologist,19,"Hills, Hyderabad",800,68
G Durga Rao,Gynecologist,29,"Hills, Hyderabad",750,224
Janaki V,Gynecologist,33,"overallMoosapet, Hyderabad",500,84
Vimee Bindra,Gynecologist,15,"Hills, Hyderabad",2000,227
Lakshmi Prasanna,Gynecologist,26,"overallKondapur, Hyderabad",700,29
Anuradha Panda,Gynecologist,27,"Hills, Hyderabad",1000,21
Vangallu Padmini Silpa,Gynecologist,15,"overallKondapur, Hyderabad",700,28
Revathy Ramaswamy,Gynecologist,34,"overallSecunderabad, Hyderabad",800,42
Sai Lakshmi Daayana,Gynecologist,23,"Hills, Hyderabad",1000,14
Amitha Indersen,Gynecologist,19,"Hills, Hyderabad",600,3
Manju Kumari,Gynecologist,32,"overallBowenpally, Hyderabad",250,9
Sarada Mallemala,Gynecologist,41,"Hills, Hyderabad",700,3
Rolika Keshri,Gynecologist,18,"overallKondapur, Hyderabad",700,20
Madhavi,Gynecologist,35,"Nagar, Hyderabad",450,27
Archana Anil Nagaonkar,Gynecologist,17,"overallMadhapur, Hyderabad",600,46
Sudhir Naik,Gynecologist,30,"Hills, Hyderabad",1000,4
Jyoti Kankanala,Gynecologist,22,"overallGachibowli, Hyderabad",900,58
Kammela Sridevi,Gynecologist,19,"overallMehdipatnam, Hyderabad",500,29
Prameela Sekhar K,Gynecologist,37,"Hills, Hyderabad",800,17
K Padmaja Devi,Gynecologist,30,"overallKukatpally, Hyderabad",450,272
Radhika Reddy Pingili,Gynecologist,25,"overallKondapur, Hyderabad",700,175
Pushpalata Damaraju,Gynecologist,55,"Nagar, Hyderabad",500,63
Vanamala Swetha,Gynecologist,15,"overallNizampet, Hyderabad",500,95
Suneetha Kumari P,Gynecologist,22,"overallGachibowli, Hyderabad",800,6
Sumana T,Gynecologist,21,"overallNizampet, Hyderabad",500,29
Jayashree Reddy,Gynecologist,44,"overallManikonda, Hyderabad",1000,33
Farzana Tasneem,Gynecologist,40,"Houz, Hyderabad",600,3
Pratibha Narayan,Gynecologist,28,"overallGachibowli, Hyderabad",800,172
M S Madhavi,Gynecologist,19,"overallMiyapur, Hyderabad",600,11
Narmada Katakam,Gynecologist,29,"overallKothapet, Hyderabad",800,143
Swapna Chekuri,Gynecologist,19,"overallKothapet, Hyderabad",1000,494
Swathi Apsani,Gynecologist,22,"Marredpally, Hyderabad",800,198
Navya K C Suvvari,Gynecologist,9,"overallKondapur, Hyderabad",700,N/A
Madhavi Reddy,Gynecologist,24,"overallAlwal, Hyderabad",500,8
Bana Rupa,Gynecologist,17,"Hills, Hyderabad",800,2
Sridevi K,Gynecologist,24,"overallKukatpally, Hyderabad",600,91
Radhika Jupally,Gynecologist,11,"overallKukatpally, Hyderabad",400,3
Kavitha Naragoni,Gynecologist,21,"overallGachibowli, Hyderabad",900,16
Swarajyalakshmi,Gynecologist,51,"Hills, Hyderabad",1000,N/A
Vindhya Gemaraju,Gynecologist,19,"overallGachibowli, Hyderabad",800,19
A Bhavani Reddy,Gynecologist,32,"overallNagole, Hyderabad",500,2
Chandana Lakkireddi,Gynecologist,22,"Hills, Hyderabad",700,93
Durga Vytla,Gynecologist,14,"overallMiyapur, Hyderabad",600,157
Samatha Kumar,Gynecologist,19,"Hills, Hyderabad",1000,69
M Sarada Reddy,Gynecologist,41,"Hills, Hyderabad",700,8
Krishna P Syam,Gynecologist,21,"overallKondapur, Hyderabad",500,51
Tayi Yamuna,Gynecologist,44,"Nagar, Hyderabad",650,4
Madhavi Latha,Gynecologist,22,"Nagar, Hyderabad",550,34
Swathi Gogineni,Gynecologist,15,"Hills, Hyderabad",700,20
G Keertana Reddy,Gynecologist,14,"overallAmeerpet, Hyderabad",500,16
Tejashwini G,Gynecologist,14,"overallNacharam, Hyderabad",500,53
Saroja Mood,Gynecologist,32,"Hills, Hyderabad",1000,6
Susmitha Reddy D,Gynecologist,13,"overallNizampet, Hyderabad",400,27
Sangita A,Gynecologist,28,"overallKanchanbagh, Hyderabad",500,6
Sunitha Ilinani,Gynecologist,26,"Hills, Hyderabad",700,138
Faiza Waliullah,Gynecologist,26,"Hills, Hyderabad",1000,18
Priyamvada Reddy Cherukuru,Gynecologist,29,"overallGachibowli, Hyderabad",800,10
Maljini,Gynecologist,29,"Hills, Hyderabad",1000,34
Malleboyina Salomi,Gynecologist,27,"Marredpally, Hyderabad",800,26
Jasmine Bakshi,Gynecologist,21,"Village, Hyderabad",500,3
Meera Jindal,Gynecologist,12,"overallKompally, Hyderabad",700,19
E Divya,Gynecologist,3,"overallMiyapur, Hyderabad",600,N/A
Syeda Iram Fatima,Gynecologist,23,"overallGachibowli, Hyderabad",1000,20
Pathuri Lavanya Devi,Gynecologist,7,"overallMadhapur, Hyderabad",600,N/A
Ch Girija Lakshmi,Gynecologist,15,"Hills, Hyderabad",1000,27
Jasmine Ramesh Salkar,Gynecologist,20,"overallDilsukhnagar, Hyderabad",600,8
Rajani Peethala,Gynecologist,26,"Marredpally, Hyderabad",800,18
Chinmayee Pradhan,Gynecologist,17,"overallMadhapur, Hyderabad",550,9
Roopa Ghanta,Gynecologist,23,"overallGachibowli, Hyderabad",1000,28
Swathi Thaduri,Gynecologist,12,"overallNallagandla, Hyderabad",500,14
Naaz Fatima,Gynecologist,8,"Tank, Hyderabad",300,2
Nazia Khanam,Gynecologist,15,"overallAttapur, Hyderabad",350,15
Meena Ugale,Gynecologist,24,"Hills, Hyderabad",1000,20
Reshma Sultana,Gynecologist,24,"Hills, Hyderabad",700,3
L Fahmida Banu,Gynecologist,43,"overallYousufguda, Hyderabad",500,16
Kadambari,Gynecologist,45,"Marredpally, Hyderabad",950,N/A
V Syamala Chelamkuri,Gynecologist,12,"overallKompally, Hyderabad",400,6
Vinatha Puli,Gynecologist,20,"City, Hyderabad",1000,20
A Ashwini,Gynecologist,35,"overallMadhapur, Hyderabad",700,5
Babitha Maturi,Gynecologist,29,"overallManikonda, Hyderabad",550,8
M Shilpa,Gynecologist,13,"overallKondapur, Hyderabad",600,158
Anusha A,Gynecologist,11,"overallKompally, Hyderabad",600,14
Shyamala Dubey,Gynecologist,18,"Hills, Hyderabad",700,N/A
Amishrita Chintawar,Gynecologist,10,"overallRamanthapur, Hyderabad",350,8
Lavanya,Gynecologist,10,"overallMadinaguda, Hyderabad",500,12
Divya Swetha,Gynecologist,10,"overallMadinaguda, Hyderabad",500,16
Avani,Gynecologist,9,"overallKondapur, Hyderabad",700,4
Sahitya B,Gynecologist,9,"overallKondapur, Hyderabad",400,N/A
Sagi Swathi,Gynecologist,14,"Nagar, Hyderabad",500,N/A
M Swathi,Gynecologist,14,"overallSecunderabad, Hyderabad",N/A,N/A
Santhoshini Boggarapu,Gynecologist,18,"Nagar, Hyderabad",630,N/A
Ratna D,Gynecologist,33,"City, Hyderabad",950,12
Pooja Reddy Nimma,Gynecologist,13,"overallGachibowli, Hyderabad",700,8
Geetha Naidu,Gynecologist,25,"overallSainikpuri, Hyderabad",800,N/A
Preethi Reddy  G,Gynecologist,24,"City, Hyderabad",950,3
Pallavi,Gynecologist,14,"overallMadinaguda, Hyderabad",500,10
Gandhi Prachee Chandrakant,Gynecologist,20,"Hills, Hyderabad",700,N/A
Himabindu Namala,Gynecologist,11,"Nagar, Hyderabad",500,2
Navina Singh,Gynecologist,13,"Hills, Hyderabad",N/A,N/A
Patel Sana Fathima,Gynecologist,13,"overallMehdipatnam, Hyderabad",450,N/A
Shakunthala,Gynecologist,24,"overallKachiguda, Hyderabad",600,N/A
Gatta Shilpa,Gynecologist,10,"overallNizampet, Hyderabad",550,N/A
Soumya H R,Gynecologist,6,"overallDilsukhnagar, Hyderabad",600,N/A
Lavanya Gadi,Gynecologist,20,"City, Hyderabad",1000,N/A
Seshasaina Reddy,Homeopathy,22,"overallMadhapur, Hyderabad",500,297
Satish Erra,Homeopathy,14,"overallDilsukhnagar, Hyderabad",500,580
Subhash Chander,Homeopathy,51,"overallJeedimetla, Hyderabad",700,222
M R Madhavi,Homeopathy,31,"overallTrimulgherry, Hyderabad",300,81
Ravinder Raju,Homeopathy,25,"overallKukatpally, Hyderabad",300,4
Panchagnula Satyanarayana Murthy,Homeopathy,30,"overallKachiguda, Hyderabad",300,59
Nikhil Chandoori,Homeopathy,14,"overallKPHB, Hyderabad",300,178
Prashant K Vaidya,Homeopathy,14,"Nagar, Hyderabad",500,860
B,Homeopathy,17,"overallKukatpally, Hyderabad",300,3
Vijendra Reddy,Homeopathy,20,"overallKukatpally, Hyderabad",300,N/A
Dubashi Ramesh,Homeopathy,42,"overallTrimulgherry, Hyderabad",300,3
Chaitanya,Homeopathy,15,"overallKachiguda, Hyderabad",300,63
Pavan Kumar,Homeopathy,18,"overallAmeerpet, Hyderabad",300,5
Venkataramana,Homeopathy,15,"Nagar, Hyderabad",300,10
Shyam Kumar Longoju,Homeopathy,19,"overallManikonda, Hyderabad",500,8
Lokeswar,Homeopathy,12,"Nagar, Hyderabad",300,5
Ayesha Naaz,Homeopathy,10,"overallTolichowki, Hyderabad",300,16
Vipun Kumar Reddy,Homeopathy,24,"overallDilsukhnagar, Hyderabad",300,N/A
Kalakonda V Bhavana,Homeopathy,4,"overallKPHB, Hyderabad",500,7
Vishal Verenkar,Homeopathy,23,"overallDilsukhnagar, Hyderabad",300,N/A
Neeraja,Homeopathy,30,"Hills, Hyderabad",499,2
Neha Soni,Homeopathy,13,"overallKPHB, Hyderabad",500,5
A,Homeopathy,21,"overallGachibowli, Hyderabad",600,27
G,Homeopathy,15,"Nagar, Hyderabad",300,91
Chetan Raj,Homeopathy,12,"overallBegumpet, Hyderabad",51,311
Jagadeesh Babu,Homeopathy,19,"Hills, Hyderabad",1000,20
Anubha,Homeopathy,23,"Tank, Hyderabad",500,34
Keerti Pembarti,Homeopathy,13,"Nagar, Hyderabad",250,N/A
Prudveedhar Raju,Homeopathy,18,"overallKukatpally, Hyderabad",350,131
C,Homeopathy,33,"overallKachiguda, Hyderabad",500,N/A
T,Homeopathy,14,"Nagar, Hyderabad",300,12
Swetha Srinivas Reddy,Homeopathy,16,"Nagar, Hyderabad",300,174
Preetha Nair,Homeopathy,28,"Nagar, Hyderabad",400,66
Prasanthi,Homeopathy,12,"overallKondapur, Hyderabad",550,6
HImabindu Divvela,Homeopathy,20,"overallKukatpally, Hyderabad",300,N/A
Radhika Reddy,Homeopathy,14,"overallMadhapur, Hyderabad",500,4
AM Reddy,Homeopathy,25,"overallMehdipatnam, Hyderabad",1500,13
Sai Vivek Areti,Homeopathy,9,"overallNizampet, Hyderabad",350,166
Komal Sharma,Homeopathy,11,"overallBegumpet, Hyderabad",51,47
Sayed Irfan Ali,Homeopathy,16,"overallTolichowki, Hyderabad",450,N/A
Indira A,Homeopathy,20,"Nagar, Hyderabad",300,16
Swati Maheshwari,Homeopathy,29,"overallKukatpally, Hyderabad",450,7
Chandrakanth P,Homeopathy,24,"overallGachibowli, Hyderabad",300,N/A
N,Homeopathy,15,"overallSerilingampally, Hyderabad",150,N/A
Ravi Kumar M,Homeopathy,15,"overallSecunderabad, Hyderabad",300,N/A
Yeshwanth Paidimarri,Neurologist,14,"overallKondapur, Hyderabad",950,21
B V Deepa Rani,Neurologist,14,"Nagar, Hyderabad",700,54
C Nikhileshwar Reddy,Neurologist,13,"city, Hyderabad",600,N/A
Sudheer Pachipala,Neurologist,9,"overallMadhapur, Hyderabad",750,N/A
S Srikanth Reddy,Neurologist,17,"City, Hyderabad",500,24
Kaushal Ippili,Neurologist,22,"Hills, Hyderabad",1200,95
Vemula Sreekanth,Neurologist,27,"Hills, Hyderabad",1000,41
Deepika Sirineni,Neurologist,10,"overallHyderguda, Hyderabad",600,6
Rajesh Reddy Chenna,Neurologist,24,"Hills, Hyderabad",1000,12
Sandeep Nayani,Neurologist,16,"Hills, Hyderabad",800,8
V Bramha Prasad,Neurologist,20,"overallSecunderabad, Hyderabad",600,N/A
Siddartha Reddy,Neurologist,15,"overallMadinaguda, Hyderabad",750,548
Venkata Harin Reddy M,Neurologist,13,"overallMiyapur, Hyderabad",600,18
Venkat Reddy A,Neurologist,16,"overallSecunderabad, Hyderabad",600,10
Vikram Reddy,Neurologist,5,"City, Hyderabad",500,N/A
Anitha Kotha,Neurologist,18,"overallGachibowli, Hyderabad",650,13
Sree Ranga Lakshmi G,Neurologist,29,"overallKanchanbagh, Hyderabad",500,4
Srikanth Boini,Neurologist,10,"overallMiyapur, Hyderabad",600,16
Sri Ram Chandra Damaraju,Neurologist,32,"Nagar, Hyderabad",1100,140
Manoj Kumar Singh,Neurologist,23,"overallGachibowli, Hyderabad",950,7
Niveditha Sai Chandra,Neurologist,13,"Marredpally, Hyderabad",900,6
Rajesh Reddy Pasham,Neurologist,15,"overallMiyapur, Hyderabad",600,42
Srinivas Deshmukh,Neurologist,21,"Hills, Hyderabad",600,4
Raghu Ramulu Vaddepally,Neurologist,16,"Nagar, Hyderabad",750,27
K S Kiran,Neurologist,17,"Nagar, Hyderabad",400,2
Naresh Kumar G,Neurologist,11,"Hills, Hyderabad",600,2
Sreenivas Mukkamala,Neurologist,16,"overallMadinaguda, Hyderabad",550,59
Alluri Neeraja,Neurologist,18,"overallGachibowli, Hyderabad",600,19
Matta Gopi Srikanth,Neurologist,23,"Nagar, Hyderabad",600,19
CH Praveen,Neurologist,14,"Nagar, Hyderabad",680,2
Chaitanya Koduri,Neurologist,12,"overallGachibowli, Hyderabad",500,7
B Kirthi Theja,Neurologist,15,"overallNacharam, Hyderabad",700,18
Sandeep Raja Pittala,Neurologist,15,"overallKompally, Hyderabad",700,N/A
Mukheem Mudabbir,Neurologist,8,"overallMehdipatnam, Hyderabad",650,N/A
Shyam Angatha,Neurologist,16,"overallEcil, Hyderabad",700,N/A
Nagendra Babu Dade,Neurologist,18,"overallPeerzadiguda, Hyderabad",700,N/A
Manoj Vasireddy,Neurologist,12,"overallKukatpally, Hyderabad",900,N/A
K Rakesh,Neurologist,15,"overallKachiguda, Hyderabad",600,N/A
M D Imran,Neurologist,15,"Road, Hyderabad",600,N/A
Goura Sushma,Neurologist,9,"overallPeerzadiguda, Hyderabad",600,N/A
Ajay Kumar Paruchuri,Orthopedic,20,"overallKukatpally, Hyderabad",600,162
Akhila Sunder,Orthopedic,12,"overallMiyapur, Hyderabad",700,10
M Balaraju Naidu,Orthopedic,12,"overallChampapet, Hyderabad",500,1221
Manjunath Reddy G,Orthopedic,22,"overallKPHB, Hyderabad",1000,51
M Naveen Chandar Reddy,Orthopedic,23,"overallKondapur, Hyderabad",600,20
Murahari P,Orthopedic,16,"overallManikonda, Hyderabad",650,12
Venkatesh Putta,Orthopedic,11,"overallKothapet, Hyderabad",450,N/A
G P R K Rohit Reddy,Orthopedic,12,"overallMadhapur, Hyderabad",500,N/A
Ramesh Gajula,Orthopedic,22,"overallUppal, Hyderabad",500,56
Aravind Gandra,Orthopedic,20,"Nagar, Hyderabad",500,52
Thirupathi Gaddam,Orthopedic,17,"Nagar, Hyderabad",400,N/A
Naresh P Hanagodu,Orthopedic,30,"overallKondapur, Hyderabad",750,N/A
Sreedhar Reddy Anne,Orthopedic,19,"overallMadhapur, Hyderabad",500,N/A
Vijayaeswar Reddy,Orthopedic,13,"Nagar, Hyderabad",400,9
Sharat Kumar P,Orthopedic,36,"Hills, Hyderabad",800,44
Raghava Dutt Mulukatla,Orthopedic,43,"Hills, Hyderabad",800,134
Madhu Thumu,Orthopedic,17,"overallMiyapur, Hyderabad",700,69
Prabhat Lakkireddi,Orthopedic,27,"Hills, Hyderabad",1000,569
Venu Madhav,Orthopedic,21,"overallJeedimetla, Hyderabad",350,26
Ved Prakash,Orthopedic,68,"Road, Hyderabad",650,111
A Mohan Krishna,Orthopedic,21,"Hills, Hyderabad",1000,133
K J Reddy,Orthopedic,38,"Hills, Hyderabad",1000,5
Ravi Kumar P,Orthopedic,22,"City, Hyderabad",500,6
G K Sudhakar Reddy,Orthopedic,26,"overallGachibowli, Hyderabad",900,99
Kalyan Kumar Varma Kalidindi,Orthopedic,11,"overallKPHB, Hyderabad",600,2
V Surya Prakash Rao,Orthopedic,27,"City, Hyderabad",900,28
Krishna Kiran Eachempati,Orthopedic,22,"City, Hyderabad",500,13
Mallpragada Hari Sharma,Orthopedic,35,"overallHyderguda, Hyderabad",500,7
B RAJEEV REDDY,Orthopedic,14,"Hills, Hyderabad",1000,4
Karthik Pingle,Orthopedic,25,"Hills, Hyderabad",1000,N/A
R Srinivas Reddy,Orthopedic,25,"Hills, Hyderabad",800,2
Anjani kumar,Orthopedic,21,"overallKukatpally, Hyderabad",500,65
Mithin Aachi,Orthopedic,20,"overallSecunderabad, Hyderabad",1000,5
Sunil Apisingi,Orthopedic,22,"City, Hyderabad",500,4
Kartheek Telagareddy,Orthopedic,12,"overallHyderguda, Hyderabad",500,45
Kaushik B K,Orthopedic,10,"Nagar, Hyderabad",500,N/A
K Ramesh Chandra,Orthopedic,25,"overallSomajiguda, Hyderabad",600,12
Bhanu Prakash Reddy R,Orthopedic,26,"Hills, Hyderabad",800,2
Pereddy Somashekhara Reddy,Orthopedic,23,"Hills, Hyderabad",1000,N/A
Balavardhan Reddy,Orthopedic,25,"Hills, Hyderabad",1000,53
Vinay Kishore,Orthopedic,20,"City, Hyderabad",600,6
VIvek Reddy M,Orthopedic,19,"Hills, Hyderabad",1000,N/A
Udai Prakash,Orthopedic,33,"Road, Hyderabad",950,104
Srinivas Thati,Orthopedic,22,"overallGachibowli, Hyderabad",500,38
Shiva Kumar Ale,Orthopedic,10,"overallNallakunta, Hyderabad",500,9
Suhas Masilamani,Orthopedic,19,"overallGachibowli, Hyderabad",650,18
Veerendra Mudnoor,Orthopedic,18,"overallKondapur, Hyderabad",700,42
Sandeep Prasad,Orthopedic,28,"overallKondapur, Hyderabad",700,7
Vasudeva Juvvadi,Orthopedic,15,"overallGachibowli, Hyderabad",750,30
Ambadas Kathare,Orthopedic,21,"Road, Hyderabad",550,6
Naveen Reddy P,Orthopedic,19,"overallSecunderabad, Hyderabad",700,3
Vidyasagar Chandankere,Orthopedic,20,"Road, Hyderabad",600,12
Uday Reddy,Orthopedic,15,"overallNacharam, Hyderabad",500,60
Abhishek Barli,Orthopedic,20,"Road, Hyderabad",600,11
Pavan Kumar A,Orthopedic,19,"Road, Hyderabad",550,17
Hemachand Balla,Orthopedic,17,"overallAttapur, Hyderabad",350,19
Jarugumilli Srikanth,Orthopedic,34,"overallKanchanbagh, Hyderabad",500,3
Deekshith S R K,Orthopedic,13,"overallHyderguda, Hyderabad",500,N/A
K Gopinath,Orthopedic,21,"overallKanchanbagh, Hyderabad",500,12
Anand Allam Venkatesh,Orthopedic,6,"overallMalkajgiri, Hyderabad",600,2
Khaleelulla,Orthopedic,16,"overallAttapur, Hyderabad",700,49
Chintapeta Ravi,Orthopedic,26,"overallKanchanbagh, Hyderabad",500,N/A
Arun Mallu,Orthopedic,10,"overallGachibowli, Hyderabad",900,2
Shyam Sunder Rendedla,Orthopedic,16,"overallAttapur, Hyderabad",700,22
Praneeth Reddy C V,Orthopedic,12,"Hills, Hyderabad",1000,N/A
Anvesh Reddy K,Orthopedic,8,"overallSomajiguda, Hyderabad",550,10
Harinath Bellamkonda,Orthopedic,13,"overallNizampet, Hyderabad",350,3
Shyam Sunder Reddy,Orthopedic,13,"Hills, Hyderabad",600,5
Varun Kommalapati,Orthopedic,15,"overallGachibowli, Hyderabad",900,N/A
Ram Kamal,Orthopedic,14,"Nagar, Hyderabad",600,N/A
Akanksh Dubey,Orthopedic,9,"overallNallagandla, Hyderabad",600,31
Abhilash Kumar V S S,Orthopedic,16,"overallKukatpally, Hyderabad",700,10
V V Satyanarayana,Orthopedic,15,"Nagar, Hyderabad",630,N/A
Karthik Yelamarthy,Orthopedic,15,"Road, Hyderabad",550,10
Gandhi Govind,Orthopedic,14,"Road, Hyderabad",550,6
Jagdish pusa,Orthopedic,10,"overallUppal, Hyderabad",600,N/A
Mirza Shahrukh Baig,Orthopedic,13,"Road, Hyderabad",550,N/A
Kiran Varma Uddaraju,Orthopedic,15,"overallNizampet, Hyderabad",600,N/A
T V Suresh,Orthopedic,15,"overallKompally, Hyderabad",600,N/A
Uma Maheshwar,Orthopedic,4,"overallUppal, Hyderabad",400,N/A
B Karunakar,Orthopedic,14,"overallPeerzadiguda, Hyderabad",600,N/A
J Vamshidhar Reddy,Orthopedic,12,"overallMalakpet, Hyderabad",500,N/A
Nuka Sri Charan Reddy,Orthopedic,9,"overallKondapur, Hyderabad",750,N/A
Md Aslam Mohsin,Orthopedic,10,"overallAmberpet, Hyderabad",300,N/A
Karan M Patel,Orthopedic,14,"overallKachiguda, Hyderabad",600,N/A
Madhu Geddam,Orthopedic,14,"Road, Hyderabad",600,N/A
Pranay Kumar Neerumalla,Orthopedic,9,"overallEcil, Hyderabad",600,N/A
Eshwar B Patel,Orthopedic,13,"overallPeerzadiguda, Hyderabad",600,N/A
Rakesh K,Orthopedic,10,"Road, Hyderabad",600,N/A
Gurram Sudhakar Reddy,Orthopedic,9,"Nagar, Hyderabad",600,N/A
Siddharth Venkata Potluri,Orthopedic,11,"overallManikonda, Hyderabad",550,N/A
Rajendar Reddy,Urologist,20,"overallAmeerpet, Hyderabad",900,N/A
S Arun,Urologist,14,"Nagar, Hyderabad",500,2
Kammela Sreedhar,Urologist,37,"overallMehdipatnam, Hyderabad",500,387
Rama Sanjay Y,Urologist,32,"overallAmeerpet, Hyderabad",900,28
Sanjay Sinha,Urologist,27,"overallHyderguda, Hyderabad",1000,19
Subramanyam Kolanukuduru,Urologist,41,"Hills, Hyderabad",1000,14
A V Ravi Kumar,Urologist,35,"City, Hyderabad",500,27
KVR Prasad,Urologist,35,"City, Hyderabad",500,38
DVSLN Sharma,Urologist,33,"Hills, Hyderabad",1000,6
Sanjai Addla,Urologist,26,"Hills, Hyderabad",1000,11
Purna Chandra Reddy,Urologist,39,"overallSomajiguda, Hyderabad",650,111
Arun Shah,Urologist,37,"Hills, Hyderabad",1000,N/A
C Raveendra Reddy,Urologist,21,"Nagar, Hyderabad",700,39
Sushant Kulkarni,Urologist,17,"overallGachibowli, Hyderabad",900,3
Srinivas N,Urologist,23,"overallDilsukhnagar, Hyderabad",600,11
Bhavatej Enganti,Urologist,15,"overallSomajiguda, Hyderabad",650,90
Mohammed Taif N Bendigeri,Urologist,13,"City, Hyderabad",700,12
Raghuveer Karne,Urologist,14,"overallDilsukhnagar, Hyderabad",700,4
Vasanth Rao Periketi,Urologist,16,"overallKanchanbagh, Hyderabad",1000,15
Gopal Ramdas Tak,Urologist,14,"overallSomajiguda, Hyderabad",650,N/A
Sarika H Pandya,Urologist,17,"overallSomajiguda, Hyderabad",650,25
Ravi Chander,Urologist,21,"overallMadhapur, Hyderabad",1000,N/A
Rajesh Kumar Reddy Adapala,Urologist,16,"overallSomajiguda, Hyderabad",650,3
P Sai Sri Harsha,Urologist,10,"overallGachibowli, Hyderabad",900,N/A
Chandra Sekhar B,Urologist,20,"overallGachibowli, Hyderabad",500,N/A
Kalyan Varma,Urologist,17,"overallKondapur, Hyderabad",750,6
Venu,Urologist,26,"Nagar, Hyderabad",680,N/A
Leela krishna Karri,Urologist,12,"City, Hyderabad",700,3
Subhash Chandra Bose Inturi,Urologist,9,"overallDilsukhnagar, Hyderabad",600,N/A
Gowtham Reddy,Urologist,13,"overallEcil, Hyderabad",500,N/A
Rakesh Pradeep Komarabathini,Urologist,11,"overallEcil, Hyderabad",600,N/A
Varun Akinapally,Urologist,10,"overallKondapur, Hyderabad",600,N/A
Srikanth Munna,Urologist,11,"overallKachiguda, Hyderabad",600,N/A
Vinayak Ingalalli,Urologist,11,"overallPeerzadiguda, Hyderabad",600,N/A
B Sri Harsha,Urologist,12,"overallDammaiguda, Hyderabad",600,N/A
Srikanth Darisetty,Pediatrician,13,"overallMalkajgiri, Hyderabad",550,85
Narender Tatikonda,Pediatrician,26,"overallAmeerpet, Hyderabad",600,N/A
Ashwin Reddy,Pediatrician,17,"overallSecunderabad, Hyderabad",400,36
Bhargavi Arun,Pediatrician,16,"overallKukatpally, Hyderabad",500,81
Ganta Rami Reddy,Pediatrician,11,"overallKondapur, Hyderabad",500,28
Pavani Mutupuru,Pediatrician,16,"overallKondapur, Hyderabad",500,N/A
P V Swathi Ramani,Pediatrician,12,"overallNallagandla, Hyderabad",500,3
Avani,Pediatrician,12,"overallMansoorabad, Hyderabad",300,53
B Naresh Goud,Pediatrician,10,"overallMedchal, Hyderabad",300,N/A
D Suchitra,Pediatrician,19,"Marredpally, Hyderabad",800,N/A
Subhash Chakravarthy,Pediatrician,14,"overallKondapur, Hyderabad",500,N/A
Dheemanth Kumar Reddy,Pediatrician,7,"overallMeerpet, Hyderabad",500,N/A
Chandana Mareddy,Pediatrician,8,"overallKondapur, Hyderabad",500,N/A
Ramesh Srinivasan,Pediatrician,27,"Hills, Hyderabad",800,18
Vishnuvardhan Reddy M,Pediatrician,28,"Hills, Hyderabad",600,30
Rashwan Mohammed,Pediatrician,14,"overallMehdipatnam, Hyderabad",400,4
Badar Shaik,Pediatrician,19,"overallBandlaguda, Hyderabad",400,14
Samiya Razvi,Pediatrician,34,"Hills, Hyderabad",1200,N/A
Madhavi Borra,Pediatrician,20,"overallGachibowli, Hyderabad",800,163
Durga Padmaja,Pediatrician,26,"overallSecunderabad, Hyderabad",400,11
Leenatha Reddy J,Pediatrician,27,"Hills, Hyderabad",1000,N/A
Koteswar Rao,Pediatrician,31,"Hills, Hyderabad",800,4
Sudheer Kumar,Pediatrician,41,"overallGachibowli, Hyderabad",800,8
Sasidharan,Pediatrician,25,"overallLothkunta, Hyderabad",700,7
Margana Narendra,Pediatrician,24,"Colony, Hyderabad",300,2
Sharmila K,Pediatrician,27,"Hills, Hyderabad",600,8
Babu M,Pediatrician,15,"overallYousufguda, Hyderabad",400,7
Madhavi Adla,Pediatrician,28,"overallGachibowli, Hyderabad",1000,N/A
Uday Kumar Sahu,Pediatrician,30,"overallKondapur, Hyderabad",700,117
Shwetha Priyadarshini,Pediatrician,20,"Hills, Hyderabad",1000,N/A
Nagesh S,Pediatrician,25,"city, Hyderabad",400,2
S Sridevi,Pediatrician,47,"overallSaidabad, Hyderabad",400,33
Shashidhar Kumar,Pediatrician,12,"overallUppal, Hyderabad",500,6
B Venkateswara Reddy,Pediatrician,19,"overallBalapur, Hyderabad",300,2
Sravanthi J,Pediatrician,21,"overallMiyapur, Hyderabad",500,30
Kiran Kumar G,Pediatrician,14,"overallGachibowli, Hyderabad",800,3
Prasada Reddy R,Pediatrician,42,"overallGachibowli, Hyderabad",500,6
K S Prathyusha,Pediatrician,9,"Hills, Hyderabad",300,N/A
Madhavi RS,Pediatrician,20,"Hills, Hyderabad",1000,34
Bhavani Kalavalapalli,Pediatrician,29,"overallMadhapur, Hyderabad",550,4
Anjul Dayal,Pediatrician,26,"overallGachibowli, Hyderabad",800,24
Amar Sundar Varma,Pediatrician,12,"overallMadinaguda, Hyderabad",600,23
Patil Prashant Prakashrao,Pediatrician,20,"overallGachibowli, Hyderabad",800,N/A
Srikanth Kona,Pediatrician,20,"overallGachibowli, Hyderabad",800,8
J Raghavendra Reddy,Pediatrician,16,"overallMadinaguda, Hyderabad",600,5
Jyothirmayi K,Pediatrician,13,"overallKondapur, Hyderabad",700,17
Deepti V,Pediatrician,13,"overallKPHB, Hyderabad",500,N/A
Shruti Mishra,Pediatrician,11,"overallMadinaguda, Hyderabad",600,N/A
Laxmi Prasanna I,Pediatrician,14,"overallNacharam, Hyderabad",500,12
Satyanarayana Bhamidipati,Pediatrician,14,"overallGachibowli, Hyderabad",800,2
Sreekantha Babu,Pediatrician,22,"overallMadinaguda, Hyderabad",500,N/A
Deepthi Rayi,Pediatrician,12,"overallKukatpally, Hyderabad",600,N/A
N V Tejaswini,Pediatrician,11,"overallGachibowli, Hyderabad",800,N/A
Aleti Samatha,Pediatrician,11,"overallNizampet, Hyderabad",500,N/A
Vardhelli Venkateshwarlu,Pediatrician,10,"Hills, Hyderabad",1000,N/A
Madhavachari,Pediatrician,12,"overallNacharam, Hyderabad",400,N/A
Ramya Nadipineni,Pediatrician,11,"overallGachibowli, Hyderabad",800,N/A
Venkata Sri Ram Gutta,Pediatrician,12,"overallMadhapur, Hyderabad",500,N/A
V Praveen Rao,Pediatrician,14,"City, Hyderabad",1000,N/A
Kapil Chand Narra   ,Physiotherapist,21,"overallMadhapur, Hyderabad",600,224
P,Physiotherapist,22,"overallDilsukhnagar, Hyderabad",500,12
Abhishek Manepalli   ,Physiotherapist,13,"Marredpally, Hyderabad",600,75
Himani Potdar   ,Physiotherapist,11,"overallMiyapur, Hyderabad",300,10
Prakash G   ,Physiotherapist,12,"Road, Hyderabad",200,26
K Sukesh Goud   ,Physiotherapist,12,"Hills, Hyderabad",800,6
Nasreen Sultana   ,Physiotherapist,9,"Hills, Hyderabad",800,31
Sahithya Merugu   ,Physiotherapist,3,"overallShivrampally, Hyderabad",350,N/A
G L Adinarayana Reddy   ,Physiotherapist,12,"city, Hyderabad",200,N/A
Ajit Kumar Sahoo   ,Physiotherapist,10,"Hills, Hyderabad",500,N/A
Hari Kumar,Physiotherapist,21,"overallNampally, Hyderabad",300,N/A
Seenaiah Batta   ,Physiotherapist,18,"overallSecunderabad, Hyderabad",150,N/A
P,Physiotherapist,24,"Nagar, Hyderabad",200,N/A
K V Keerthika   ,Physiotherapist,6,"overallHabsiguda, Hyderabad",300,N/A
Suganya   ,Physiotherapist,18,"overallGachibowli, Hyderabad",500,5
Harshavardhan Sripuram   ,Physiotherapist,7,"overallAttapur, Hyderabad",800,N/A
Vikram A,Psychiatrist,15,"Nagar, Hyderabad",1000,31
Bandari Srikanth,Psychiatrist,11,"Hills, Hyderabad",1000,70
Gautami Nagabhirava,Psychiatrist,9,"overallNizampet, Hyderabad",650,9
Krishnasahithi,Psychiatrist,13,"overallManikonda, Hyderabad",1500,10
Srinivas K,Psychiatrist,11,"overallKukatpally, Hyderabad",1000,119
Nithin Kondapuram,Psychiatrist,12,"overallMadhapur, Hyderabad",1500,6
Chilukuri Raviteja,Psychiatrist,11,"overallKukatpally, Hyderabad",900,N/A
K Maithri,Psychiatrist,10,"overallKukatpally, Hyderabad",1000,N/A
Aparna B,Psychiatrist,13,"overallAlwal, Hyderabad",600,89
Daljeet Kaur,Psychiatrist,17,"overallGachibowli, Hyderabad",1500,42
Siva Anoop Yella,Psychiatrist,6,"overallAmeerpet, Hyderabad",1100,11
Prabhakar Korada,Psychiatrist,48,"overallSecunderabad, Hyderabad",2000,10
Nandini Bandikatla,Psychiatrist,23,"Hills, Hyderabad",2000,N/A
D Suresh,Psychiatrist,11,"Nagar, Hyderabad",1000,13
MVR Sharma,Psychiatrist,44,"Nagar, Hyderabad",2000,3
Nishanth Vemana,Psychiatrist,13,"Hills, Hyderabad",1200,53
Shanti Mohan,Psychiatrist,10,"overallJeedimetla, Hyderabad",1000,6
Virinchi Sharma,Psychiatrist,12,"Nagar, Hyderabad",1500,244
Harish Chandra Reddy,Psychiatrist,15,"overallKPHB, Hyderabad",1000,79
B Kranthi Kiran,Psychiatrist,34,"Hills, Hyderabad",3000,44
Navitha Reddy,Psychiatrist,13,"Hills, Hyderabad",800,27
Shahjahan Akthar,Psychiatrist,8,"overallSecunderabad, Hyderabad",1000,N/A
Divya Devulapally,Psychiatrist,15,"Hills, Hyderabad",1200,6
Sunil Kumar A,Psychiatrist,19,"overallMadhapur, Hyderabad",1250,5
Vishnu Vardhan M,Psychiatrist,7,"overallGachibowli, Hyderabad",1500,N/A
Muchipalli Sai Prashanthi,Psychiatrist,8,"Circle, Hyderabad",1000,4
Naveen Kumar Dhagudu,Psychiatrist,16,"overallGachibowli, Hyderabad",500,N/A
Balaji Sainath Annaluru,Psychiatrist,8,"overallGachibowli, Hyderabad",800,N/A
Deepika Kommu,Psychiatrist,7,"Nagar, Hyderabad",800,N/A
Ramesh Ammati,Psychiatrist,5,"Hills, Hyderabad",500,N/A
Anitha,Psychiatrist,14,"overallKukatpally, Hyderabad",1100,N/A
Madhu Mohan M,Psychiatrist,6,"Nagar, Hyderabad",1500,2
Naresh,Psychiatrist,29,NA,NA,NA
Krishna,Psychiatrist,53,NA,NA,NA
Asfiya,Psychiatrist,10,Toli Chowki,750,NA
Boppana,Psychiatrist,7,Banjara Hills,800,NA
Vikram,Psychiatrist,14,Chanda Nagar,400,NA
Syed,Psychiatrist,30,Masab Tank,NA,NA
Swetha,Psychiatrist,13,Banjara Hills,NA,NA
J,Psychiatrist,34,Ameerpet,600,NA
Jyothirmayi,Psychiatrist,15,NA,NA,NA
(,Psychiatrist,33,Himayath Nagar,NA,NA
R,Psychiatrist,21,Erragadda,500,NA
Harish,Psychiatrist,18,NA,NA,NA
Shanti,Psychiatrist,10,Venkatapuram,600,NA
Eshwar,Psychiatrist,10,Himayath Nagar,NA,NA
Kancharla,Psychiatrist,12,Nizampet,700,NA
K,Psychiatrist,8,NA,300,NA
Nithin,Psychiatrist,12,Ameerpet,NA,NA
Ajay,Psychiatrist,46,Secunderabad,500,NA
Gautami,Psychiatrist,NA,Kukatpally,700,NA
Nagalakshmi,Psychiatrist,13,ECIL,500,NA
Alisha,Psychiatrist,6,NA,500,NA
Sree,Psychiatrist,17,Kondapur,NA,NA
Shahjahan,Psychiatrist,4,NA,300,NA
Bhaskar,Psychiatrist,14,Banjara Hills,500,NA
Brahma,Psychiatrist,4,Kapra,800,NA
V,Psychiatrist,22,Secunderabad,500,NA
Vel,Psychiatrist,8,Old Bowenpally,400,NA
Zia,Psychiatrist,33,Masab Tank,500,NA
K,Psychiatrist,18,Kukatpally,500,NA
Vijay,Psychiatrist,32,Banjara Hills,600,NA
Balaji,Psychiatrist,11,Banjara Hills,500,NA
NA,Psychiatrist,16,NA,750,NA
Hasanthi,Psychiatrist,NA,NA,NA,NA
R,Psychiatrist,47,Manikonda,500,NA
Preethi,Psychiatrist,24,Vanaja Hospital,NA,NA
Boyanapally,Psychiatrist,20,NA,900,NA
Ramakanth,Psychiatrist,NA,NA,600,NA
P,Psychiatrist,NA,Sanath Nagar,550,NA
S,Psychiatrist,NA,Madinaguda,NA,NA
Ravi,Psychiatrist,NA,Miyapur,NA,NA
Ms,Psychiatrist,12,KPHB,750,NA
Ajay,Psychiatrist,17,Kompally,NA,NA
Sai,Psychiatrist,6,Shamshabad,NA,NA
RajeeviPsychiatrist12,Psychiatrist,12,MBBSPsychiatry Clinic ,NA,NA
Krishna,Psychiatrist,11,Shaikpet,NA,NA
B,Psychiatrist,NA,Banjara Hills,NA,NA
Sachin,Psychiatrist,14,NA,200,NA
Keshav,Psychiatrist,43,Secunderabad,NA,NA
Snigdha,Psychiatrist,NA,Attapur,NA,NA
Aftab,Psychiatrist,28,Mehdipatnam,450,NA
Lokesh,Psychiatrist,14,NA,400,NA
Priya,Psychiatrist,11,Miyapur,600,NA
NA,Psychiatrist,NA,NA,NA,NA
Fatima,Psychiatrist,33,Banjara Hills,800,NA
Neilofor,Psychiatrist,6,Malakpet,NA,NA
Bharath,Psychiatrist,33,NA,500,NA
C,Psychiatrist,NA,Mehdipatnam,550,NA
M,Psychiatrist,20,L B Nagar,450,NA
NA,Psychiatrist,4,NA,700,NA
Rajshekhar,Psychiatrist,29,Malkajgiri,400,NA
M,Psychiatrist,45,Banjara Hills,500,NA
Farheen,Psychiatrist,NA,Mehdipatnam,500,NA
Bandari,Psychiatrist,NA,NA,500,NA
Ibrahim,Psychiatrist,NA,NA,NA,NA
NA,Psychiatrist,NA,KPHB,500,NA
Veerabhadram,Psychiatrist,NA,Madinaguda,350,NA
Satya,Psychiatrist,NA,Musheerabad,500,NA
I,Psychiatrist,33,NA,500,NA
Daljeet,Psychiatrist,23,NA,NA,NA
Manchala,Psychiatrist,20,Vanasthalipuram,500,NA
C,Psychiatrist,NA,Kukatpally,100,NA
O,Psychiatrist,36,Banjara Hills,500,NA
G,Psychiatrist,10,Jeedimetla,200,NA
D,Psychiatrist,29,Lingampally,NA,NA
Chytanya,Psychiatrist,17,Banjara Hills,500,NA
Rama,Psychiatrist,26,Masab Tank,NA,NA
Padmavathy,Psychiatrist,30,Domalguda,500,NA
Praveen,Psychiatrist,32,Jubilee Hills,NA,NA
MilhajPsychiatrist25,Psychiatrist,25,Bowenpally,NA,NA
NA,Psychiatrist,NA,Secunderabad,600,NA
Ramana,Psychiatrist,39,Banjara Hills,0,NA
Brahmani,Psychiatrist,11,NA,500,NA
Mohd,Psychiatrist,7,Banjara Hills,NA,NA
NaziaPsychiatrist17,Psychiatrist,17,Sainikpuri,200,NA
Mathew,Psychiatrist,NA,Bowenpally,800,NA
G,Psychiatrist,NA,Banjara Hills,500,NA
Hari,Psychiatrist,NA,Chintalkunta,300,NA
Lakshmi,Psychiatrist,NA,Secunderabad,250,NA
S,Psychiatrist,NA,NA,300,NA
PrashanthiPsychiatristMBBS,Psychiatrist,NA,Kondapur,250,NA
NA,Physiotherapist,NA,NA,500,NA
Kiran,Physiotherapist,17,Kukatpally,300,NA
Gangadhar,Physiotherapist,17,Ameerpet,800,NA
Ershad,Physiotherapist,13,"PHYSIOTHERAPY CLINIC,  , Vanasthalipuram",300,NA
Shabnam,Physiotherapist,18,Mehdipatnam,300,NA
S,Physiotherapist,17,NA,1,NA
Pinky,Physiotherapist,NA,Kondapur,500,NA
Ketan,Physiotherapist,9,NA,300,NA
C,Physiotherapist,20,KPHB,500,NA
P,Physiotherapist,21,NA,600,NA
M,Physiotherapist,20,Old Bowenpally,300,NA
Praveen,Physiotherapist,15,L B Nagar,200,NA
NA,Physiotherapist,13,Kondapur,500,NA
D,Physiotherapist,13,Madinaguda,600,NA
Sirish,Physiotherapist,16,Secunderabad,600,NA
R,Physiotherapist,18,Nizampet,300,NA
Vijay,Physiotherapist,15,Madhapur,NA,NA
Harini,Physiotherapist,10,West Marredpally,600,NA
Bhumika,Physiotherapist,15,NA,500,NA
D,Physiotherapist,17,Nallakunta,300,NA
Swati,Physiotherapist,12,Kukatpally,500,NA
S,Physiotherapist,14,NA,500,NA
Anjali,Physiotherapist,23,Gachibowli,350,NA
Vijay,Physiotherapist,22,Attapur,250,NA
J,Physiotherapist,14,Kondapur,500,NA
Smaranika,Physiotherapist,11,Nallagandla,550,NA
Suresh,Physiotherapist,12,KPHB,300,NA
AdithyaPhysiotherapist11,Physiotherapist,11,Alwal,300,NA
Ashwin,Physiotherapist,12,Serilingampally,300,NA
A,Physiotherapist,17,NA,500,NA
Vidyasagar,Physiotherapist,12,NA,200,NA
C,Physiotherapist,13,Madhapur,500,NA
Rangacharya,Physiotherapist,14,Ramanthapur,200,NA
Karthik,Physiotherapist,19,Ram Nagar,500,NA
Mohammed,Physiotherapist,6,NA,250,NA
Shiva,Physiotherapist,18,Secunderabad,400,NA
VenkateshPhysiotherapist14,Physiotherapist,14,NA,300,NA
M,Physiotherapist,15,Gajularamaram,100,NA
Gangadhar,Physiotherapist,17,Ameerpet,300,NA
T,Physiotherapist,12,Banjara Hills,300,NA
V,Physiotherapist,11,KPHB,300,NA
P,Physiotherapist,12,Secunderabad,400,NA
Mahesh,Physiotherapist,11,NA,250,NA
Ch,Physiotherapist,NA,NA,300,NA
Abhishek,Physiotherapist,12,Dilsukhnagar,200,NA
Hari,Physiotherapist,20,Madinaguda,300,NA
Gaurav,Physiotherapist,10,Mehdipatnam,400,NA
NA,Physiotherapist,17,Alwal,400,NA
Ch,Physiotherapist,18,Jubilee Hills,500,NA
Qader,Physiotherapist,12,Mehdipatnam,NA,NA
V,Physiotherapist,12,Kukatpally,500,NA
Mohammed,Physiotherapist,14,Banjara Hills,200,NA
Prakash,Physiotherapist,13,Nallakunta,200,NA
Gayathri,Physiotherapist,13,NA,600,NA
Mahesh,Physiotherapist,17,NA,300,NA
Naser,Physiotherapist,11,Saifabad,NA,NA
B,Physiotherapist,21,Vanasthalipuram,0,NA
Syeda,Physiotherapist,7,Attapur,450,NA
Madhura,Physiotherapist,4,NA,500,NA
B,Physiotherapist,24,Banjara Hills,NA,NA
Obaida,Physiotherapist,8,NA,400,NA
ThirupathiPhysiotherapist10,Physiotherapist,10,NA,200,NA
Kiran,Physiotherapist,10,Kukatpally,NA,NA
Venu,Physiotherapist,20,Kothapet,200,NA
Chinna,Physiotherapist,16,Chanda Nagar,NA,NA
Shreya,Physiotherapist,10,Attapur,500,NA
Priyanka,Physiotherapist,13,Kondapur,500,NA
Queen,Physiotherapist,12,Nallagandla,150,NA
Asa,Physiotherapist,15,NA,200,NA
Mohammed,Physiotherapist,11,Khairatabad ,400,NA
Saroja,Physiotherapist,NA,NA,500,NA
Rahul,Physiotherapist,19,NA,NA,NA
Kaleem,Physiotherapist,10,Malakpet,400,NA
Uma,Physiotherapist,18,NA,400,NA
L,Physiotherapist,16,Nizampet,300,NA
Pavan,Physiotherapist,NA,KPHB,200,NA
NA,Physiotherapist,NA,NA,300,NA
Sree,Physiotherapist,NA,Sainikpuri,500,NA
K,Physiotherapist,11,Tarnaka,500,NA
T,Physiotherapist,15,NA,200,NA
B,Physiotherapist,9,NA,500,NA
DeepaPhysiotherapist,Physiotherapist,NA,NA,500,NA
Herojit,Physiotherapist,18,Yousufguda,500,NA
Pushyami,Physiotherapist,14,Amberpet,NA,NA
Ramesh,Physiotherapist,14,Peerzadiguda,50,NA
Umme,Physiotherapist,4,Manikonda,500,NA
V,Physiotherapist,9,Chanda Nagar,500,NA
Miriyala,Physiotherapist,12,Chanda Nagar,500,NA
Archana,Physiotherapist,12,Uppal,500,NA
Kedar,Physiotherapist,4,Miyapur,300,NA
Neha,Physiotherapist,NA,"Secunderabad, Hyderabad  ",600,NA
R,Physiotherapist,11,"Banjara Hills, Hyderabad ",100,NA
NA,Physiotherapist,14,"Kondapur, Hyderabad ",100,NA
Sbv,Physiotherapist,15,Ashok Colony,500,NA
Payal,Physiotherapist,23,KPHB,700,NA
Sathish,Physiotherapist,17,Miyapur,500,NA
Akurati,Physiotherapist,28,Ameerpet,500,NA
Ranbeer,Physiotherapist,39,Himayath Nagar,500,NA
Nachiket,Physiotherapist,27,Gachibowli,NA,NA
Hajira,Physiotherapist,9,Kanchanbagh,650,NA
SiddarthaENT,Physiotherapist,20,Santosh Nagar,200,NA
Sampurna,Physiotherapist,13,NA,500,NA
P,Physiotherapist,15,Hyderguda,400,NA
Sudhir,Physiotherapist,14,Basheerbagh,500,NA
Faisal,Physiotherapist,8,NA,200,NA
Abhinandan,Physiotherapist,19,Vanasthalipuram,500,NA
D,Physiotherapist,27,ECIL,500,NA
Gvs,Physiotherapist,38,Kukatpally,700,NA
Mohammed,Physiotherapist,11,Toli Chowki,400,NA
Shiny,Physiotherapist,10,Mehdipatnam,400,NA
Nitin,Physiotherapist,26,Malakpet,500,NA
Ashok,Physiotherapist,25,Manikonda,550,NA
ManusrutENT,Physiotherapist,13,Jeedimetla,250,NA
Nagendra,Physiotherapist,46,NA,650,NA
Avinash,Physiotherapist,13,NA,600,NA
P,Physiotherapist,22,Banjara Hills,800,NA
Santhosh,Physiotherapist,42,Kanchanbagh,400,NA
Abdul,Physiotherapist,20,Kukatpally,500,NA
Greeshma,Physiotherapist,18,NA,500,NA
Ramya,Physiotherapist,14,NA,400,NA
Bheem,Physiotherapist,16,Bala Nagar,400,NA
P,Physiotherapist,34,Miyapur,400,NA
Prawahar,Physiotherapist,13,NA,500,NA
Kalyan,Physiotherapist,21,Secunderabad,800,NA
M,Physiotherapist,44,Somajiguda,500,NA
Sai,Physiotherapist,52,NA,500,NA
P,Physiotherapist,10,Malakpet,NA,NA
Sudhamsh,Physiotherapist,10,Kothapet,600,NA
D,Physiotherapist,10,NA,350,NA
Neetu,Physiotherapist,17,NA,500,NA
K,Physiotherapist,9,Santosh Nagar,400,NA
Neha,Physiotherapist,7,Kondapur,500,NA
Anil,Physiotherapist,32,Madhurawada,300,NA
BhaskarENT,Physiotherapist,40,Masab Tank,500,NA
Srikanth,Physiotherapist,27,"Allergy Clinic , Vanasthalipuram",400,NA
Saif,Physiotherapist,16,Somajiguda,800,NA
Abdul,Physiotherapist,14,NA,350,NA
B,Physiotherapist,51,Secunderabad,800,NA
Ajay,Physiotherapist,41,Begumpet,600,NA
B,Physiotherapist,43,NA,400,NA
Shahan,Physiotherapist,21,NA,600,NA
Venkat,Physiotherapist,15,Bod Uppal,300,NA
T,Physiotherapist,26,NA,500,NA
Srinivasa,Physiotherapist,39,NA,500,NA
Y,Physiotherapist,14,Beeramguda,650,NA
NA,Physiotherapist,4,Gachibowli,300,NA
Ravinder,Physiotherapist,14,NA,500,NA
Rakesh,Physiotherapist,11,Pragathi Nagar,300,NA
Shekar,Physiotherapist,44,Secunderabad,700,NA
Manish,Physiotherapist,29,Kondapur,500,NA
M,Physiotherapist,21,NA,NA,NA
Krishna,Physiotherapist,20,NA,600,NA
S,Physiotherapist,30,NA,400,NA
Kishore,Physiotherapist,12,Nizampet,600,NA
C,Physiotherapist,22,Chanda Nagar,300,NA
B,Physiotherapist,15,Alwal,800,NA
N,Physiotherapist,40,Nagarjuna Sagar Road,900,NA
V,Physiotherapist,20,NA,NA,NA
Kareemullah,Physiotherapist,19,Hi Tech City,550,NA
Vidya,Physiotherapist,22,Secunderabad,800,NA
Manish,Physiotherapist,32,NA,350,NA
Santhosh,Physiotherapist,42,Kachiguda,500,NA
P,Physiotherapist,34,Humayun Nagar,700,NA
K,Physiotherapist,39,NA,NA,NA
Srinivas,Physiotherapist,28,Banjara Hills,500,NA
Nivedha,Physiotherapist,15,Yashoda Hospital,300,NA
Dwarakanath,Physiotherapist,NA,Yousufguda,500,NA
Vijayalakshmi,Physiotherapist,37,NA,NA,NA
Laxminath,Physiotherapist,9,Punjagutta,500,NA
A,Physiotherapist,33,Nallakunta,500,NA
Raghu,Physiotherapist,NA,Kamalangar,500,NA
S,Physiotherapist,15,Nacharam,500,NA
Naveen,Physiotherapist,13,Dilsukhnagar,500,NA
Boddeda,Physiotherapist,NA,NA,350,NA
N,Physiotherapist,NA,Ameerpet,NA,NA
YaseenENT,Physiotherapist,18,Toli Chowki,500,NA
B,Physiotherapist,24,NA,450,NA
Gulam,Physiotherapist,25,Mehdipatnam,NA,NA
Nikita,Physiotherapist,24,Kondapur,650,NA
Ravi,Physiotherapist,31,Somajiguda,NA,NA
